Copyright 1986-2022 Xilinx, Inc. All Rights Reserved. Copyright 2022-2025 Advanced Micro Devices, Inc. All Rights Reserved.
---------------------------------------------------------------------------------------------------------------------------------------------------------------------------------------------------------------------------------------
| Tool Version : Vivado v.2025.2 (lin64) Build 6299465 Fri Nov 14 12:34:56 MST 2025
| Date         : Mon Sep 14 20:18:27 2026
| Host         : pop-os running 64-bit Pop!_OS 24.04 LTS
| Command      : report_timing_summary -max_paths 10 -routable_nets -report_unconstrained -file board_top_timing_summary_routed.rpt -pb board_top_timing_summary_routed.pb -rpx board_top_timing_summary_routed.rpx -warn_on_violation
| Design       : board_top
| Device       : 7z020-clg400
| Speed File   : -1  PRODUCTION 1.12 2019-11-22
| Design State : Routed
---------------------------------------------------------------------------------------------------------------------------------------------------------------------------------------------------------------------------------------

Timing Summary Report

------------------------------------------------------------------------------------------------
| Timer Settings
| --------------
------------------------------------------------------------------------------------------------

  Enable Multi Corner Analysis               :  Yes
  Enable Pessimism Removal                   :  Yes
  Pessimism Removal Resolution               :  Nearest Common Node
  Enable Input Delay Default Clock           :  No
  Enable Preset / Clear Arcs                 :  No
  Disable Flight Delays                      :  No
  Ignore I/O Paths                           :  No
  Timing Early Launch at Borrowing Latches   :  No
  Borrow Time for Max Delay Exceptions       :  Yes
  Merge Timing Exceptions                    :  Yes
  Inter-SLR Compensation                     :  Conservative

  Corner  Analyze    Analyze    
  Name    Max Paths  Min Paths  
  ------  ---------  ---------  
  Slow    Yes        Yes        
  Fast    Yes        Yes        


------------------------------------------------------------------------------------------------
| Report Methodology
| ------------------
------------------------------------------------------------------------------------------------

No report available as report_methodology has not been run prior. Run report_methodology on the current design for the summary of methodology violations.



check_timing report

Table of Contents
-----------------
1. checking no_clock (0)
2. checking constant_clock (0)
3. checking pulse_width_clock (0)
4. checking unconstrained_internal_endpoints (0)
5. checking no_input_delay (1)
6. checking no_output_delay (4)
7. checking multiple_clock (0)
8. checking generated_clocks (0)
9. checking loops (0)
10. checking partial_input_delay (0)
11. checking partial_output_delay (0)
12. checking latch_loops (0)

1. checking no_clock (0)
------------------------
 There are 0 register/latch pins with no clock.


2. checking constant_clock (0)
------------------------------
 There are 0 register/latch pins with constant_clock.


3. checking pulse_width_clock (0)
---------------------------------
 There are 0 register/latch pins which need pulse_width check


4. checking unconstrained_internal_endpoints (0)
------------------------------------------------
 There are 0 pins that are not constrained for maximum delay.

 There are 0 pins that are not constrained for maximum delay due to constant clock.


5. checking no_input_delay (1)
------------------------------
 There are 0 input ports with no input delay specified.

 There is 1 input port with no input delay but user has a false path constraint. (MEDIUM)


6. checking no_output_delay (4)
-------------------------------
 There are 0 ports with no output delay specified.

 There are 4 ports with no output delay but user has a false path constraint (MEDIUM)

 There are 0 ports with no output delay but with a timing clock defined on it or propagating through it


7. checking multiple_clock (0)
------------------------------
 There are 0 register/latch pins with multiple clocks.


8. checking generated_clocks (0)
--------------------------------
 There are 0 generated clocks that are not connected to a clock source.


9. checking loops (0)
---------------------
 There are 0 combinational loops in the design.


10. checking partial_input_delay (0)
------------------------------------
 There are 0 input ports with partial input delay specified.


11. checking partial_output_delay (0)
-------------------------------------
 There are 0 ports with partial output delay specified.


12. checking latch_loops (0)
----------------------------
 There are 0 combinational latch loops in the design through latch input



------------------------------------------------------------------------------------------------
| Design Timing Summary
| ---------------------
------------------------------------------------------------------------------------------------

    WNS(ns)      TNS(ns)  TNS Failing Endpoints  TNS Total Endpoints      WHS(ns)      THS(ns)  THS Failing Endpoints  THS Total Endpoints     WPWS(ns)     TPWS(ns)  TPWS Failing Endpoints  TPWS Total Endpoints  
    -------      -------  ---------------------  -------------------      -------      -------  ---------------------  -------------------     --------     --------  ----------------------  --------------------  
      6.512        0.000                      0                  133        0.153        0.000                      0                  133        4.500        0.000                       0                    87  


All user specified timing constraints are met.


------------------------------------------------------------------------------------------------
| Clock Summary
| -------------
------------------------------------------------------------------------------------------------

Clock    Waveform(ns)       Period(ns)      Frequency(MHz)
-----    ------------       ----------      --------------
sys_clk  {0.000 5.000}      10.000          100.000         


------------------------------------------------------------------------------------------------
| Intra Clock Table
| -----------------
------------------------------------------------------------------------------------------------

Clock             WNS(ns)      TNS(ns)  TNS Failing Endpoints  TNS Total Endpoints      WHS(ns)      THS(ns)  THS Failing Endpoints  THS Total Endpoints     WPWS(ns)     TPWS(ns)  TPWS Failing Endpoints  TPWS Total Endpoints  
-----             -------      -------  ---------------------  -------------------      -------      -------  ---------------------  -------------------     --------     --------  ----------------------  --------------------  
sys_clk             6.512        0.000                      0                  133        0.153        0.000                      0                  133        4.500        0.000                       0                    87  


------------------------------------------------------------------------------------------------
| Inter Clock Table
| -----------------
------------------------------------------------------------------------------------------------

From Clock    To Clock          WNS(ns)      TNS(ns)  TNS Failing Endpoints  TNS Total Endpoints      WHS(ns)      THS(ns)  THS Failing Endpoints  THS Total Endpoints  
----------    --------          -------      -------  ---------------------  -------------------      -------      -------  ---------------------  -------------------  


------------------------------------------------------------------------------------------------
| Other Path Groups Table
| -----------------------
------------------------------------------------------------------------------------------------

Path Group    From Clock    To Clock          WNS(ns)      TNS(ns)  TNS Failing Endpoints  TNS Total Endpoints      WHS(ns)      THS(ns)  THS Failing Endpoints  THS Total Endpoints  
----------    ----------    --------          -------      -------  ---------------------  -------------------      -------      -------  ---------------------  -------------------  


------------------------------------------------------------------------------------------------
| User Ignored Path Table
| -----------------------
------------------------------------------------------------------------------------------------

Path Group    From Clock    To Clock    
----------    ----------    --------    
(none)        sys_clk                     
(none)                      sys_clk       


------------------------------------------------------------------------------------------------
| Unconstrained Path Table
| ------------------------
------------------------------------------------------------------------------------------------

Path Group    From Clock    To Clock    
----------    ----------    --------    


------------------------------------------------------------------------------------------------
| Timing Details
| --------------
------------------------------------------------------------------------------------------------


---------------------------------------------------------------------------------------------------
From Clock:  sys_clk
  To Clock:  sys_clk

Setup :            0  Failing Endpoints,  Worst Slack        6.512ns,  Total Violation        0.000ns
Hold  :            0  Failing Endpoints,  Worst Slack        0.153ns,  Total Violation        0.000ns
PW    :            0  Failing Endpoints,  Worst Slack        4.500ns,  Total Violation        0.000ns
---------------------------------------------------------------------------------------------------


Max Delay Paths
--------------------------------------------------------------------------------------
Slack (MET) :             6.512ns  (required time - arrival time)
  Source:                 u_selftest/u_dut/out_cnt_reg[2]/C
                            (rising edge-triggered cell FDRE clocked by sys_clk  {rise@0.000ns fall@5.000ns period=10.000ns})
  Destination:            u_selftest/u_dut/out_cnt_reg[6]/D
                            (rising edge-triggered cell FDRE clocked by sys_clk  {rise@0.000ns fall@5.000ns period=10.000ns})
  Path Group:             sys_clk
  Path Type:              Setup (Max at Slow Process Corner)
  Requirement:            10.000ns  (sys_clk rise@10.000ns - sys_clk rise@0.000ns)
  Data Path Delay:        3.160ns  (logic 1.028ns (32.527%)  route 2.132ns (67.473%))
  Logic Levels:           2  (LUT3=1 LUT5=1)
  Clock Path Skew:        -0.022ns (DCD - SCD + CPR)
    Destination Clock Delay (DCD):    5.220ns = ( 15.220 - 10.000 ) 
    Source Clock Delay      (SCD):    5.679ns
    Clock Pessimism Removal (CPR):    0.437ns
  Clock Uncertainty:      0.035ns  ((TSJ^2 + TIJ^2)^1/2 + DJ) / 2 + PE
    Total System Jitter     (TSJ):    0.071ns
    Total Input Jitter      (TIJ):    0.000ns
    Discrete Jitter          (DJ):    0.000ns
    Phase Error              (PE):    0.000ns

    Location             Delay type                Incr(ns)  Path(ns)    Netlist Resource(s)
  -------------------------------------------------------------------    -------------------
                         (clock sys_clk rise edge)    0.000     0.000 r  
    U7                                                0.000     0.000 r  clk_pin (IN)
                         net (fo=0)                   0.000     0.000    clk_pin
    U7                   IBUF (Prop_ibuf_I_O)         1.573     1.573 r  clk_pin_IBUF_inst/O
                         net (fo=1, routed)           2.171     3.744    clk_pin_IBUF
    BUFGCTRL_X0Y0        BUFG (Prop_bufg_I_O)         0.101     3.845 r  u_bufg/O
                         net (fo=86, routed)          1.834     5.679    u_selftest/u_dut/clk
    SLICE_X2Y8           FDRE                                         r  u_selftest/u_dut/out_cnt_reg[2]/C
  -------------------------------------------------------------------    -------------------
    SLICE_X2Y8           FDRE (Prop_fdre_C_Q)         0.518     6.197 f  u_selftest/u_dut/out_cnt_reg[2]/Q
                         net (fo=9, routed)           0.860     7.058    u_selftest/u_dut/out_cnt[2]
    SLICE_X3Y9           LUT3 (Prop_lut3_I2_O)        0.149     7.207 r  u_selftest/u_dut/out_cnt[6]_i_2/O
                         net (fo=1, routed)           0.708     7.914    u_selftest/u_dut/out_cnt[6]_i_2_n_0
    SLICE_X3Y8           LUT5 (Prop_lut5_I3_O)        0.361     8.275 r  u_selftest/u_dut/out_cnt[6]_i_1/O
                         net (fo=1, routed)           0.565     8.840    u_selftest/u_dut/out_cnt_0[6]
    SLICE_X3Y8           FDRE                                         r  u_selftest/u_dut/out_cnt_reg[6]/D
  -------------------------------------------------------------------    -------------------

                         (clock sys_clk rise edge)   10.000    10.000 r  
    U7                                                0.000    10.000 r  clk_pin (IN)
                         net (fo=0)                   0.000    10.000    clk_pin
    U7                   IBUF (Prop_ibuf_I_O)         1.502    11.502 r  clk_pin_IBUF_inst/O
                         net (fo=1, routed)           1.972    13.474    clk_pin_IBUF
    BUFGCTRL_X0Y0        BUFG (Prop_bufg_I_O)         0.091    13.565 r  u_bufg/O
                         net (fo=86, routed)          1.655    15.220    u_selftest/u_dut/clk
    SLICE_X3Y8           FDRE                                         r  u_selftest/u_dut/out_cnt_reg[6]/C
                         clock pessimism              0.437    15.657    
                         clock uncertainty           -0.035    15.622    
    SLICE_X3Y8           FDRE (Setup_fdre_C_D)       -0.270    15.352    u_selftest/u_dut/out_cnt_reg[6]
  -------------------------------------------------------------------
                         required time                         15.352    
                         arrival time                          -8.840    
  -------------------------------------------------------------------
                         slack                                  6.512    

Slack (MET) :             6.613ns  (required time - arrival time)
  Source:                 u_selftest/FSM_sequential_state_reg[1]/C
                            (rising edge-triggered cell FDRE clocked by sys_clk  {rise@0.000ns fall@5.000ns period=10.000ns})
  Destination:            u_selftest/FSM_sequential_state_reg[1]/D
                            (rising edge-triggered cell FDRE clocked by sys_clk  {rise@0.000ns fall@5.000ns period=10.000ns})
  Path Group:             sys_clk
  Path Type:              Setup (Max at Slow Process Corner)
  Requirement:            10.000ns  (sys_clk rise@10.000ns - sys_clk rise@0.000ns)
  Data Path Delay:        3.429ns  (logic 1.123ns (32.755%)  route 2.306ns (67.245%))
  Logic Levels:           3  (LUT3=1 LUT5=1 LUT6=1)
  Clock Path Skew:        0.000ns (DCD - SCD + CPR)
    Destination Clock Delay (DCD):    5.219ns = ( 15.219 - 10.000 ) 
    Source Clock Delay      (SCD):    5.678ns
    Clock Pessimism Removal (CPR):    0.459ns
  Clock Uncertainty:      0.035ns  ((TSJ^2 + TIJ^2)^1/2 + DJ) / 2 + PE
    Total System Jitter     (TSJ):    0.071ns
    Total Input Jitter      (TIJ):    0.000ns
    Discrete Jitter          (DJ):    0.000ns
    Phase Error              (PE):    0.000ns

    Location             Delay type                Incr(ns)  Path(ns)    Netlist Resource(s)
  -------------------------------------------------------------------    -------------------
                         (clock sys_clk rise edge)    0.000     0.000 r  
    U7                                                0.000     0.000 r  clk_pin (IN)
                         net (fo=0)                   0.000     0.000    clk_pin
    U7                   IBUF (Prop_ibuf_I_O)         1.573     1.573 r  clk_pin_IBUF_inst/O
                         net (fo=1, routed)           2.171     3.744    clk_pin_IBUF
    BUFGCTRL_X0Y0        BUFG (Prop_bufg_I_O)         0.101     3.845 r  u_bufg/O
                         net (fo=86, routed)          1.833     5.678    u_selftest/clk
    SLICE_X2Y9           FDRE                                         r  u_selftest/FSM_sequential_state_reg[1]/C
  -------------------------------------------------------------------    -------------------
    SLICE_X2Y9           FDRE (Prop_fdre_C_Q)         0.518     6.196 r  u_selftest/FSM_sequential_state_reg[1]/Q
                         net (fo=9, routed)           0.823     7.020    u_selftest/state[1]
    SLICE_X1Y9           LUT3 (Prop_lut3_I2_O)        0.154     7.174 f  u_selftest/FSM_sequential_state[2]_i_4/O
                         net (fo=1, routed)           0.674     7.848    u_selftest/FSM_sequential_state[2]_i_4_n_0
    SLICE_X1Y9           LUT6 (Prop_lut6_I5_O)        0.327     8.175 r  u_selftest/FSM_sequential_state[2]_i_3/O
                         net (fo=3, routed)           0.808     8.983    u_selftest/FSM_sequential_state[2]_i_3_n_0
    SLICE_X2Y9           LUT5 (Prop_lut5_I2_O)        0.124     9.107 r  u_selftest/FSM_sequential_state[1]_i_1/O
                         net (fo=1, routed)           0.000     9.107    u_selftest/FSM_sequential_state[1]_i_1_n_0
    SLICE_X2Y9           FDRE                                         r  u_selftest/FSM_sequential_state_reg[1]/D
  -------------------------------------------------------------------    -------------------

                         (clock sys_clk rise edge)   10.000    10.000 r  
    U7                                                0.000    10.000 r  clk_pin (IN)
                         net (fo=0)                   0.000    10.000    clk_pin
    U7                   IBUF (Prop_ibuf_I_O)         1.502    11.502 r  clk_pin_IBUF_inst/O
                         net (fo=1, routed)           1.972    13.474    clk_pin_IBUF
    BUFGCTRL_X0Y0        BUFG (Prop_bufg_I_O)         0.091    13.565 r  u_bufg/O
                         net (fo=86, routed)          1.654    15.219    u_selftest/clk
    SLICE_X2Y9           FDRE                                         r  u_selftest/FSM_sequential_state_reg[1]/C
                         clock pessimism              0.459    15.678    
                         clock uncertainty           -0.035    15.643    
    SLICE_X2Y9           FDRE (Setup_fdre_C_D)        0.077    15.720    u_selftest/FSM_sequential_state_reg[1]
  -------------------------------------------------------------------
                         required time                         15.720    
                         arrival time                          -9.107    
  -------------------------------------------------------------------
                         slack                                  6.613    

Slack (MET) :             6.630ns  (required time - arrival time)
  Source:                 u_selftest/FSM_sequential_state_reg[1]/C
                            (rising edge-triggered cell FDRE clocked by sys_clk  {rise@0.000ns fall@5.000ns period=10.000ns})
  Destination:            u_selftest/FSM_sequential_state_reg[2]/D
                            (rising edge-triggered cell FDRE clocked by sys_clk  {rise@0.000ns fall@5.000ns period=10.000ns})
  Path Group:             sys_clk
  Path Type:              Setup (Max at Slow Process Corner)
  Requirement:            10.000ns  (sys_clk rise@10.000ns - sys_clk rise@0.000ns)
  Data Path Delay:        3.453ns  (logic 1.147ns (33.222%)  route 2.306ns (66.778%))
  Logic Levels:           3  (LUT3=1 LUT5=1 LUT6=1)
  Clock Path Skew:        0.000ns (DCD - SCD + CPR)
    Destination Clock Delay (DCD):    5.219ns = ( 15.219 - 10.000 ) 
    Source Clock Delay      (SCD):    5.678ns
    Clock Pessimism Removal (CPR):    0.459ns
  Clock Uncertainty:      0.035ns  ((TSJ^2 + TIJ^2)^1/2 + DJ) / 2 + PE
    Total System Jitter     (TSJ):    0.071ns
    Total Input Jitter      (TIJ):    0.000ns
    Discrete Jitter          (DJ):    0.000ns
    Phase Error              (PE):    0.000ns

    Location             Delay type                Incr(ns)  Path(ns)    Netlist Resource(s)
  -------------------------------------------------------------------    -------------------
                         (clock sys_clk rise edge)    0.000     0.000 r  
    U7                                                0.000     0.000 r  clk_pin (IN)
                         net (fo=0)                   0.000     0.000    clk_pin
    U7                   IBUF (Prop_ibuf_I_O)         1.573     1.573 r  clk_pin_IBUF_inst/O
                         net (fo=1, routed)           2.171     3.744    clk_pin_IBUF
    BUFGCTRL_X0Y0        BUFG (Prop_bufg_I_O)         0.101     3.845 r  u_bufg/O
                         net (fo=86, routed)          1.833     5.678    u_selftest/clk
    SLICE_X2Y9           FDRE                                         r  u_selftest/FSM_sequential_state_reg[1]/C
  -------------------------------------------------------------------    -------------------
    SLICE_X2Y9           FDRE (Prop_fdre_C_Q)         0.518     6.196 r  u_selftest/FSM_sequential_state_reg[1]/Q
                         net (fo=9, routed)           0.823     7.020    u_selftest/state[1]
    SLICE_X1Y9           LUT3 (Prop_lut3_I2_O)        0.154     7.174 f  u_selftest/FSM_sequential_state[2]_i_4/O
                         net (fo=1, routed)           0.674     7.848    u_selftest/FSM_sequential_state[2]_i_4_n_0
    SLICE_X1Y9           LUT6 (Prop_lut6_I5_O)        0.327     8.175 r  u_selftest/FSM_sequential_state[2]_i_3/O
                         net (fo=3, routed)           0.808     8.983    u_selftest/FSM_sequential_state[2]_i_3_n_0
    SLICE_X2Y9           LUT5 (Prop_lut5_I2_O)        0.148     9.131 r  u_selftest/FSM_sequential_state[2]_i_1/O
                         net (fo=1, routed)           0.000     9.131    u_selftest/FSM_sequential_state[2]_i_1_n_0
    SLICE_X2Y9           FDRE                                         r  u_selftest/FSM_sequential_state_reg[2]/D
  -------------------------------------------------------------------    -------------------

                         (clock sys_clk rise edge)   10.000    10.000 r  
    U7                                                0.000    10.000 r  clk_pin (IN)
                         net (fo=0)                   0.000    10.000    clk_pin
    U7                   IBUF (Prop_ibuf_I_O)         1.502    11.502 r  clk_pin_IBUF_inst/O
                         net (fo=1, routed)           1.972    13.474    clk_pin_IBUF
    BUFGCTRL_X0Y0        BUFG (Prop_bufg_I_O)         0.091    13.565 r  u_bufg/O
                         net (fo=86, routed)          1.654    15.219    u_selftest/clk
    SLICE_X2Y9           FDRE                                         r  u_selftest/FSM_sequential_state_reg[2]/C
                         clock pessimism              0.459    15.678    
                         clock uncertainty           -0.035    15.643    
    SLICE_X2Y9           FDRE (Setup_fdre_C_D)        0.118    15.761    u_selftest/FSM_sequential_state_reg[2]
  -------------------------------------------------------------------
                         required time                         15.761    
                         arrival time                          -9.131    
  -------------------------------------------------------------------
                         slack                                  6.630    

Slack (MET) :             6.900ns  (required time - arrival time)
  Source:                 u_selftest/FSM_sequential_state_reg[2]/C
                            (rising edge-triggered cell FDRE clocked by sys_clk  {rise@0.000ns fall@5.000ns period=10.000ns})
  Destination:            u_selftest/pidx_reg[0]/CE
                            (rising edge-triggered cell FDRE clocked by sys_clk  {rise@0.000ns fall@5.000ns period=10.000ns})
  Path Group:             sys_clk
  Path Type:              Setup (Max at Slow Process Corner)
  Requirement:            10.000ns  (sys_clk rise@10.000ns - sys_clk rise@0.000ns)
  Data Path Delay:        2.836ns  (logic 0.773ns (27.259%)  route 2.063ns (72.741%))
  Logic Levels:           1  (LUT2=1)
  Clock Path Skew:        -0.024ns (DCD - SCD + CPR)
    Destination Clock Delay (DCD):    5.220ns = ( 15.220 - 10.000 ) 
    Source Clock Delay      (SCD):    5.678ns
    Clock Pessimism Removal (CPR):    0.434ns
  Clock Uncertainty:      0.035ns  ((TSJ^2 + TIJ^2)^1/2 + DJ) / 2 + PE
    Total System Jitter     (TSJ):    0.071ns
    Total Input Jitter      (TIJ):    0.000ns
    Discrete Jitter          (DJ):    0.000ns
    Phase Error              (PE):    0.000ns

    Location             Delay type                Incr(ns)  Path(ns)    Netlist Resource(s)
  -------------------------------------------------------------------    -------------------
                         (clock sys_clk rise edge)    0.000     0.000 r  
    U7                                                0.000     0.000 r  clk_pin (IN)
                         net (fo=0)                   0.000     0.000    clk_pin
    U7                   IBUF (Prop_ibuf_I_O)         1.573     1.573 r  clk_pin_IBUF_inst/O
                         net (fo=1, routed)           2.171     3.744    clk_pin_IBUF
    BUFGCTRL_X0Y0        BUFG (Prop_bufg_I_O)         0.101     3.845 r  u_bufg/O
                         net (fo=86, routed)          1.833     5.678    u_selftest/clk
    SLICE_X2Y9           FDRE                                         r  u_selftest/FSM_sequential_state_reg[2]/C
  -------------------------------------------------------------------    -------------------
    SLICE_X2Y9           FDRE (Prop_fdre_C_Q)         0.478     6.156 f  u_selftest/FSM_sequential_state_reg[2]/Q
                         net (fo=9, routed)           0.980     7.136    u_selftest/state[2]
    SLICE_X1Y10          LUT2 (Prop_lut2_I1_O)        0.295     7.431 r  u_selftest/pidx[10]_i_1/O
                         net (fo=11, routed)          1.083     8.514    u_selftest/pidx[10]_i_1_n_0
    SLICE_X1Y8           FDRE                                         r  u_selftest/pidx_reg[0]/CE
  -------------------------------------------------------------------    -------------------

                         (clock sys_clk rise edge)   10.000    10.000 r  
    U7                                                0.000    10.000 r  clk_pin (IN)
                         net (fo=0)                   0.000    10.000    clk_pin
    U7                   IBUF (Prop_ibuf_I_O)         1.502    11.502 r  clk_pin_IBUF_inst/O
                         net (fo=1, routed)           1.972    13.474    clk_pin_IBUF
    BUFGCTRL_X0Y0        BUFG (Prop_bufg_I_O)         0.091    13.565 r  u_bufg/O
                         net (fo=86, routed)          1.655    15.220    u_selftest/clk
    SLICE_X1Y8           FDRE                                         r  u_selftest/pidx_reg[0]/C
                         clock pessimism              0.434    15.654    
                         clock uncertainty           -0.035    15.619    
    SLICE_X1Y8           FDRE (Setup_fdre_C_CE)      -0.205    15.414    u_selftest/pidx_reg[0]
  -------------------------------------------------------------------
                         required time                         15.414    
                         arrival time                          -8.514    
  -------------------------------------------------------------------
                         slack                                  6.900    

Slack (MET) :             6.900ns  (required time - arrival time)
  Source:                 u_selftest/FSM_sequential_state_reg[2]/C
                            (rising edge-triggered cell FDRE clocked by sys_clk  {rise@0.000ns fall@5.000ns period=10.000ns})
  Destination:            u_selftest/pidx_reg[6]/CE
                            (rising edge-triggered cell FDRE clocked by sys_clk  {rise@0.000ns fall@5.000ns period=10.000ns})
  Path Group:             sys_clk
  Path Type:              Setup (Max at Slow Process Corner)
  Requirement:            10.000ns  (sys_clk rise@10.000ns - sys_clk rise@0.000ns)
  Data Path Delay:        2.836ns  (logic 0.773ns (27.259%)  route 2.063ns (72.741%))
  Logic Levels:           1  (LUT2=1)
  Clock Path Skew:        -0.024ns (DCD - SCD + CPR)
    Destination Clock Delay (DCD):    5.220ns = ( 15.220 - 10.000 ) 
    Source Clock Delay      (SCD):    5.678ns
    Clock Pessimism Removal (CPR):    0.434ns
  Clock Uncertainty:      0.035ns  ((TSJ^2 + TIJ^2)^1/2 + DJ) / 2 + PE
    Total System Jitter     (TSJ):    0.071ns
    Total Input Jitter      (TIJ):    0.000ns
    Discrete Jitter          (DJ):    0.000ns
    Phase Error              (PE):    0.000ns

    Location             Delay type                Incr(ns)  Path(ns)    Netlist Resource(s)
  -------------------------------------------------------------------    -------------------
                         (clock sys_clk rise edge)    0.000     0.000 r  
    U7                                                0.000     0.000 r  clk_pin (IN)
                         net (fo=0)                   0.000     0.000    clk_pin
    U7                   IBUF (Prop_ibuf_I_O)         1.573     1.573 r  clk_pin_IBUF_inst/O
                         net (fo=1, routed)           2.171     3.744    clk_pin_IBUF
    BUFGCTRL_X0Y0        BUFG (Prop_bufg_I_O)         0.101     3.845 r  u_bufg/O
                         net (fo=86, routed)          1.833     5.678    u_selftest/clk
    SLICE_X2Y9           FDRE                                         r  u_selftest/FSM_sequential_state_reg[2]/C
  -------------------------------------------------------------------    -------------------
    SLICE_X2Y9           FDRE (Prop_fdre_C_Q)         0.478     6.156 f  u_selftest/FSM_sequential_state_reg[2]/Q
                         net (fo=9, routed)           0.980     7.136    u_selftest/state[2]
    SLICE_X1Y10          LUT2 (Prop_lut2_I1_O)        0.295     7.431 r  u_selftest/pidx[10]_i_1/O
                         net (fo=11, routed)          1.083     8.514    u_selftest/pidx[10]_i_1_n_0
    SLICE_X1Y8           FDRE                                         r  u_selftest/pidx_reg[6]/CE
  -------------------------------------------------------------------    -------------------

                         (clock sys_clk rise edge)   10.000    10.000 r  
    U7                                                0.000    10.000 r  clk_pin (IN)
                         net (fo=0)                   0.000    10.000    clk_pin
    U7                   IBUF (Prop_ibuf_I_O)         1.502    11.502 r  clk_pin_IBUF_inst/O
                         net (fo=1, routed)           1.972    13.474    clk_pin_IBUF
    BUFGCTRL_X0Y0        BUFG (Prop_bufg_I_O)         0.091    13.565 r  u_bufg/O
                         net (fo=86, routed)          1.655    15.220    u_selftest/clk
    SLICE_X1Y8           FDRE                                         r  u_selftest/pidx_reg[6]/C
                         clock pessimism              0.434    15.654    
                         clock uncertainty           -0.035    15.619    
    SLICE_X1Y8           FDRE (Setup_fdre_C_CE)      -0.205    15.414    u_selftest/pidx_reg[6]
  -------------------------------------------------------------------
                         required time                         15.414    
                         arrival time                          -8.514    
  -------------------------------------------------------------------
                         slack                                  6.900    

Slack (MET) :             7.084ns  (required time - arrival time)
  Source:                 u_selftest/oidx_reg[5]/C
                            (rising edge-triggered cell FDRE clocked by sys_clk  {rise@0.000ns fall@5.000ns period=10.000ns})
  Destination:            u_selftest/oidx_reg[6]/CE
                            (rising edge-triggered cell FDRE clocked by sys_clk  {rise@0.000ns fall@5.000ns period=10.000ns})
  Path Group:             sys_clk
  Path Type:              Setup (Max at Slow Process Corner)
  Requirement:            10.000ns  (sys_clk rise@10.000ns - sys_clk rise@0.000ns)
  Data Path Delay:        2.651ns  (logic 0.766ns (28.896%)  route 1.885ns (71.104%))
  Logic Levels:           2  (LUT5=2)
  Clock Path Skew:        -0.025ns (DCD - SCD + CPR)
    Destination Clock Delay (DCD):    5.221ns = ( 15.221 - 10.000 ) 
    Source Clock Delay      (SCD):    5.680ns
    Clock Pessimism Removal (CPR):    0.434ns
  Clock Uncertainty:      0.035ns  ((TSJ^2 + TIJ^2)^1/2 + DJ) / 2 + PE
    Total System Jitter     (TSJ):    0.071ns
    Total Input Jitter      (TIJ):    0.000ns
    Discrete Jitter          (DJ):    0.000ns
    Phase Error              (PE):    0.000ns

    Location             Delay type                Incr(ns)  Path(ns)    Netlist Resource(s)
  -------------------------------------------------------------------    -------------------
                         (clock sys_clk rise edge)    0.000     0.000 r  
    U7                                                0.000     0.000 r  clk_pin (IN)
                         net (fo=0)                   0.000     0.000    clk_pin
    U7                   IBUF (Prop_ibuf_I_O)         1.573     1.573 r  clk_pin_IBUF_inst/O
                         net (fo=1, routed)           2.171     3.744    clk_pin_IBUF
    BUFGCTRL_X0Y0        BUFG (Prop_bufg_I_O)         0.101     3.845 r  u_bufg/O
                         net (fo=86, routed)          1.835     5.680    u_selftest/clk
    SLICE_X2Y3           FDRE                                         r  u_selftest/oidx_reg[5]/C
  -------------------------------------------------------------------    -------------------
    SLICE_X2Y3           FDRE (Prop_fdre_C_Q)         0.518     6.198 f  u_selftest/oidx_reg[5]/Q
                         net (fo=3, routed)           0.902     7.100    u_selftest/oidx_reg[5]
    SLICE_X2Y3           LUT5 (Prop_lut5_I1_O)        0.124     7.224 f  u_selftest/oidx[9]_i_3/O
                         net (fo=2, routed)           0.434     7.658    u_selftest/u_dut/u_mac/oidx_reg[0]
    SLICE_X1Y3           LUT5 (Prop_lut5_I0_O)        0.124     7.782 r  u_selftest/u_dut/u_mac/oidx[9]_i_1/O
                         net (fo=10, routed)          0.549     8.331    u_selftest/oidx[0]
    SLICE_X1Y3           FDRE                                         r  u_selftest/oidx_reg[6]/CE
  -------------------------------------------------------------------    -------------------

                         (clock sys_clk rise edge)   10.000    10.000 r  
    U7                                                0.000    10.000 r  clk_pin (IN)
                         net (fo=0)                   0.000    10.000    clk_pin
    U7                   IBUF (Prop_ibuf_I_O)         1.502    11.502 r  clk_pin_IBUF_inst/O
                         net (fo=1, routed)           1.972    13.474    clk_pin_IBUF
    BUFGCTRL_X0Y0        BUFG (Prop_bufg_I_O)         0.091    13.565 r  u_bufg/O
                         net (fo=86, routed)          1.656    15.221    u_selftest/clk
    SLICE_X1Y3           FDRE                                         r  u_selftest/oidx_reg[6]/C
                         clock pessimism              0.434    15.655    
                         clock uncertainty           -0.035    15.620    
    SLICE_X1Y3           FDRE (Setup_fdre_C_CE)      -0.205    15.415    u_selftest/oidx_reg[6]
  -------------------------------------------------------------------
                         required time                         15.415    
                         arrival time                          -8.331    
  -------------------------------------------------------------------
                         slack                                  7.084    

Slack (MET) :             7.084ns  (required time - arrival time)
  Source:                 u_selftest/oidx_reg[5]/C
                            (rising edge-triggered cell FDRE clocked by sys_clk  {rise@0.000ns fall@5.000ns period=10.000ns})
  Destination:            u_selftest/oidx_reg[7]/CE
                            (rising edge-triggered cell FDRE clocked by sys_clk  {rise@0.000ns fall@5.000ns period=10.000ns})
  Path Group:             sys_clk
  Path Type:              Setup (Max at Slow Process Corner)
  Requirement:            10.000ns  (sys_clk rise@10.000ns - sys_clk rise@0.000ns)
  Data Path Delay:        2.651ns  (logic 0.766ns (28.896%)  route 1.885ns (71.104%))
  Logic Levels:           2  (LUT5=2)
  Clock Path Skew:        -0.025ns (DCD - SCD + CPR)
    Destination Clock Delay (DCD):    5.221ns = ( 15.221 - 10.000 ) 
    Source Clock Delay      (SCD):    5.680ns
    Clock Pessimism Removal (CPR):    0.434ns
  Clock Uncertainty:      0.035ns  ((TSJ^2 + TIJ^2)^1/2 + DJ) / 2 + PE
    Total System Jitter     (TSJ):    0.071ns
    Total Input Jitter      (TIJ):    0.000ns
    Discrete Jitter          (DJ):    0.000ns
    Phase Error              (PE):    0.000ns

    Location             Delay type                Incr(ns)  Path(ns)    Netlist Resource(s)
  -------------------------------------------------------------------    -------------------
                         (clock sys_clk rise edge)    0.000     0.000 r  
    U7                                                0.000     0.000 r  clk_pin (IN)
                         net (fo=0)                   0.000     0.000    clk_pin
    U7                   IBUF (Prop_ibuf_I_O)         1.573     1.573 r  clk_pin_IBUF_inst/O
                         net (fo=1, routed)           2.171     3.744    clk_pin_IBUF
    BUFGCTRL_X0Y0        BUFG (Prop_bufg_I_O)         0.101     3.845 r  u_bufg/O
                         net (fo=86, routed)          1.835     5.680    u_selftest/clk
    SLICE_X2Y3           FDRE                                         r  u_selftest/oidx_reg[5]/C
  -------------------------------------------------------------------    -------------------
    SLICE_X2Y3           FDRE (Prop_fdre_C_Q)         0.518     6.198 f  u_selftest/oidx_reg[5]/Q
                         net (fo=3, routed)           0.902     7.100    u_selftest/oidx_reg[5]
    SLICE_X2Y3           LUT5 (Prop_lut5_I1_O)        0.124     7.224 f  u_selftest/oidx[9]_i_3/O
                         net (fo=2, routed)           0.434     7.658    u_selftest/u_dut/u_mac/oidx_reg[0]
    SLICE_X1Y3           LUT5 (Prop_lut5_I0_O)        0.124     7.782 r  u_selftest/u_dut/u_mac/oidx[9]_i_1/O
                         net (fo=10, routed)          0.549     8.331    u_selftest/oidx[0]
    SLICE_X1Y3           FDRE                                         r  u_selftest/oidx_reg[7]/CE
  -------------------------------------------------------------------    -------------------

                         (clock sys_clk rise edge)   10.000    10.000 r  
    U7                                                0.000    10.000 r  clk_pin (IN)
                         net (fo=0)                   0.000    10.000    clk_pin
    U7                   IBUF (Prop_ibuf_I_O)         1.502    11.502 r  clk_pin_IBUF_inst/O
                         net (fo=1, routed)           1.972    13.474    clk_pin_IBUF
    BUFGCTRL_X0Y0        BUFG (Prop_bufg_I_O)         0.091    13.565 r  u_bufg/O
                         net (fo=86, routed)          1.656    15.221    u_selftest/clk
    SLICE_X1Y3           FDRE                                         r  u_selftest/oidx_reg[7]/C
                         clock pessimism              0.434    15.655    
                         clock uncertainty           -0.035    15.620    
    SLICE_X1Y3           FDRE (Setup_fdre_C_CE)      -0.205    15.415    u_selftest/oidx_reg[7]
  -------------------------------------------------------------------
                         required time                         15.415    
                         arrival time                          -8.331    
  -------------------------------------------------------------------
                         slack                                  7.084    

Slack (MET) :             7.084ns  (required time - arrival time)
  Source:                 u_selftest/oidx_reg[5]/C
                            (rising edge-triggered cell FDRE clocked by sys_clk  {rise@0.000ns fall@5.000ns period=10.000ns})
  Destination:            u_selftest/oidx_reg[8]/CE
                            (rising edge-triggered cell FDRE clocked by sys_clk  {rise@0.000ns fall@5.000ns period=10.000ns})
  Path Group:             sys_clk
  Path Type:              Setup (Max at Slow Process Corner)
  Requirement:            10.000ns  (sys_clk rise@10.000ns - sys_clk rise@0.000ns)
  Data Path Delay:        2.651ns  (logic 0.766ns (28.896%)  route 1.885ns (71.104%))
  Logic Levels:           2  (LUT5=2)
  Clock Path Skew:        -0.025ns (DCD - SCD + CPR)
    Destination Clock Delay (DCD):    5.221ns = ( 15.221 - 10.000 ) 
    Source Clock Delay      (SCD):    5.680ns
    Clock Pessimism Removal (CPR):    0.434ns
  Clock Uncertainty:      0.035ns  ((TSJ^2 + TIJ^2)^1/2 + DJ) / 2 + PE
    Total System Jitter     (TSJ):    0.071ns
    Total Input Jitter      (TIJ):    0.000ns
    Discrete Jitter          (DJ):    0.000ns
    Phase Error              (PE):    0.000ns

    Location             Delay type                Incr(ns)  Path(ns)    Netlist Resource(s)
  -------------------------------------------------------------------    -------------------
                         (clock sys_clk rise edge)    0.000     0.000 r  
    U7                                                0.000     0.000 r  clk_pin (IN)
                         net (fo=0)                   0.000     0.000    clk_pin
    U7                   IBUF (Prop_ibuf_I_O)         1.573     1.573 r  clk_pin_IBUF_inst/O
                         net (fo=1, routed)           2.171     3.744    clk_pin_IBUF
    BUFGCTRL_X0Y0        BUFG (Prop_bufg_I_O)         0.101     3.845 r  u_bufg/O
                         net (fo=86, routed)          1.835     5.680    u_selftest/clk
    SLICE_X2Y3           FDRE                                         r  u_selftest/oidx_reg[5]/C
  -------------------------------------------------------------------    -------------------
    SLICE_X2Y3           FDRE (Prop_fdre_C_Q)         0.518     6.198 f  u_selftest/oidx_reg[5]/Q
                         net (fo=3, routed)           0.902     7.100    u_selftest/oidx_reg[5]
    SLICE_X2Y3           LUT5 (Prop_lut5_I1_O)        0.124     7.224 f  u_selftest/oidx[9]_i_3/O
                         net (fo=2, routed)           0.434     7.658    u_selftest/u_dut/u_mac/oidx_reg[0]
    SLICE_X1Y3           LUT5 (Prop_lut5_I0_O)        0.124     7.782 r  u_selftest/u_dut/u_mac/oidx[9]_i_1/O
                         net (fo=10, routed)          0.549     8.331    u_selftest/oidx[0]
    SLICE_X1Y3           FDRE                                         r  u_selftest/oidx_reg[8]/CE
  -------------------------------------------------------------------    -------------------

                         (clock sys_clk rise edge)   10.000    10.000 r  
    U7                                                0.000    10.000 r  clk_pin (IN)
                         net (fo=0)                   0.000    10.000    clk_pin
    U7                   IBUF (Prop_ibuf_I_O)         1.502    11.502 r  clk_pin_IBUF_inst/O
                         net (fo=1, routed)           1.972    13.474    clk_pin_IBUF
    BUFGCTRL_X0Y0        BUFG (Prop_bufg_I_O)         0.091    13.565 r  u_bufg/O
                         net (fo=86, routed)          1.656    15.221    u_selftest/clk
    SLICE_X1Y3           FDRE                                         r  u_selftest/oidx_reg[8]/C
                         clock pessimism              0.434    15.655    
                         clock uncertainty           -0.035    15.620    
    SLICE_X1Y3           FDRE (Setup_fdre_C_CE)      -0.205    15.415    u_selftest/oidx_reg[8]
  -------------------------------------------------------------------
                         required time                         15.415    
                         arrival time                          -8.331    
  -------------------------------------------------------------------
                         slack                                  7.084    

Slack (MET) :             7.084ns  (required time - arrival time)
  Source:                 u_selftest/oidx_reg[5]/C
                            (rising edge-triggered cell FDRE clocked by sys_clk  {rise@0.000ns fall@5.000ns period=10.000ns})
  Destination:            u_selftest/oidx_reg[9]/CE
                            (rising edge-triggered cell FDRE clocked by sys_clk  {rise@0.000ns fall@5.000ns period=10.000ns})
  Path Group:             sys_clk
  Path Type:              Setup (Max at Slow Process Corner)
  Requirement:            10.000ns  (sys_clk rise@10.000ns - sys_clk rise@0.000ns)
  Data Path Delay:        2.651ns  (logic 0.766ns (28.896%)  route 1.885ns (71.104%))
  Logic Levels:           2  (LUT5=2)
  Clock Path Skew:        -0.025ns (DCD - SCD + CPR)
    Destination Clock Delay (DCD):    5.221ns = ( 15.221 - 10.000 ) 
    Source Clock Delay      (SCD):    5.680ns
    Clock Pessimism Removal (CPR):    0.434ns
  Clock Uncertainty:      0.035ns  ((TSJ^2 + TIJ^2)^1/2 + DJ) / 2 + PE
    Total System Jitter     (TSJ):    0.071ns
    Total Input Jitter      (TIJ):    0.000ns
    Discrete Jitter          (DJ):    0.000ns
    Phase Error              (PE):    0.000ns

    Location             Delay type                Incr(ns)  Path(ns)    Netlist Resource(s)
  -------------------------------------------------------------------    -------------------
                         (clock sys_clk rise edge)    0.000     0.000 r  
    U7                                                0.000     0.000 r  clk_pin (IN)
                         net (fo=0)                   0.000     0.000    clk_pin
    U7                   IBUF (Prop_ibuf_I_O)         1.573     1.573 r  clk_pin_IBUF_inst/O
                         net (fo=1, routed)           2.171     3.744    clk_pin_IBUF
    BUFGCTRL_X0Y0        BUFG (Prop_bufg_I_O)         0.101     3.845 r  u_bufg/O
                         net (fo=86, routed)          1.835     5.680    u_selftest/clk
    SLICE_X2Y3           FDRE                                         r  u_selftest/oidx_reg[5]/C
  -------------------------------------------------------------------    -------------------
    SLICE_X2Y3           FDRE (Prop_fdre_C_Q)         0.518     6.198 f  u_selftest/oidx_reg[5]/Q
                         net (fo=3, routed)           0.902     7.100    u_selftest/oidx_reg[5]
    SLICE_X2Y3           LUT5 (Prop_lut5_I1_O)        0.124     7.224 f  u_selftest/oidx[9]_i_3/O
                         net (fo=2, routed)           0.434     7.658    u_selftest/u_dut/u_mac/oidx_reg[0]
    SLICE_X1Y3           LUT5 (Prop_lut5_I0_O)        0.124     7.782 r  u_selftest/u_dut/u_mac/oidx[9]_i_1/O
                         net (fo=10, routed)          0.549     8.331    u_selftest/oidx[0]
    SLICE_X1Y3           FDRE                                         r  u_selftest/oidx_reg[9]/CE
  -------------------------------------------------------------------    -------------------

                         (clock sys_clk rise edge)   10.000    10.000 r  
    U7                                                0.000    10.000 r  clk_pin (IN)
                         net (fo=0)                   0.000    10.000    clk_pin
    U7                   IBUF (Prop_ibuf_I_O)         1.502    11.502 r  clk_pin_IBUF_inst/O
                         net (fo=1, routed)           1.972    13.474    clk_pin_IBUF
    BUFGCTRL_X0Y0        BUFG (Prop_bufg_I_O)         0.091    13.565 r  u_bufg/O
                         net (fo=86, routed)          1.656    15.221    u_selftest/clk
    SLICE_X1Y3           FDRE                                         r  u_selftest/oidx_reg[9]/C
                         clock pessimism              0.434    15.655    
                         clock uncertainty           -0.035    15.620    
    SLICE_X1Y3           FDRE (Setup_fdre_C_CE)      -0.205    15.415    u_selftest/oidx_reg[9]
  -------------------------------------------------------------------
                         required time                         15.415    
                         arrival time                          -8.331    
  -------------------------------------------------------------------
                         slack                                  7.084    

Slack (MET) :             7.118ns  (required time - arrival time)
  Source:                 u_selftest/FSM_sequential_state_reg[1]/C
                            (rising edge-triggered cell FDRE clocked by sys_clk  {rise@0.000ns fall@5.000ns period=10.000ns})
  Destination:            u_selftest/FSM_sequential_state_reg[0]/D
                            (rising edge-triggered cell FDRE clocked by sys_clk  {rise@0.000ns fall@5.000ns period=10.000ns})
  Path Group:             sys_clk
  Path Type:              Setup (Max at Slow Process Corner)
  Requirement:            10.000ns  (sys_clk rise@10.000ns - sys_clk rise@0.000ns)
  Data Path Delay:        2.928ns  (logic 1.123ns (38.358%)  route 1.805ns (61.642%))
  Logic Levels:           3  (LUT3=1 LUT6=2)
  Clock Path Skew:        0.000ns (DCD - SCD + CPR)
    Destination Clock Delay (DCD):    5.219ns = ( 15.219 - 10.000 ) 
    Source Clock Delay      (SCD):    5.678ns
    Clock Pessimism Removal (CPR):    0.459ns
  Clock Uncertainty:      0.035ns  ((TSJ^2 + TIJ^2)^1/2 + DJ) / 2 + PE
    Total System Jitter     (TSJ):    0.071ns
    Total Input Jitter      (TIJ):    0.000ns
    Discrete Jitter          (DJ):    0.000ns
    Phase Error              (PE):    0.000ns

    Location             Delay type                Incr(ns)  Path(ns)    Netlist Resource(s)
  -------------------------------------------------------------------    -------------------
                         (clock sys_clk rise edge)    0.000     0.000 r  
    U7                                                0.000     0.000 r  clk_pin (IN)
                         net (fo=0)                   0.000     0.000    clk_pin
    U7                   IBUF (Prop_ibuf_I_O)         1.573     1.573 r  clk_pin_IBUF_inst/O
                         net (fo=1, routed)           2.171     3.744    clk_pin_IBUF
    BUFGCTRL_X0Y0        BUFG (Prop_bufg_I_O)         0.101     3.845 r  u_bufg/O
                         net (fo=86, routed)          1.833     5.678    u_selftest/clk
    SLICE_X2Y9           FDRE                                         r  u_selftest/FSM_sequential_state_reg[1]/C
  -------------------------------------------------------------------    -------------------
    SLICE_X2Y9           FDRE (Prop_fdre_C_Q)         0.518     6.196 f  u_selftest/FSM_sequential_state_reg[1]/Q
                         net (fo=9, routed)           0.823     7.020    u_selftest/state[1]
    SLICE_X1Y9           LUT3 (Prop_lut3_I2_O)        0.154     7.174 r  u_selftest/FSM_sequential_state[2]_i_4/O
                         net (fo=1, routed)           0.674     7.848    u_selftest/FSM_sequential_state[2]_i_4_n_0
    SLICE_X1Y9           LUT6 (Prop_lut6_I5_O)        0.327     8.175 f  u_selftest/FSM_sequential_state[2]_i_3/O
                         net (fo=3, routed)           0.307     8.482    u_selftest/u_dut/FSM_sequential_state_reg[0]_1
    SLICE_X2Y9           LUT6 (Prop_lut6_I2_O)        0.124     8.606 r  u_selftest/u_dut/FSM_sequential_state[0]_i_1/O
                         net (fo=1, routed)           0.000     8.606    u_selftest/u_dut_n_1
    SLICE_X2Y9           FDRE                                         r  u_selftest/FSM_sequential_state_reg[0]/D
  -------------------------------------------------------------------    -------------------

                         (clock sys_clk rise edge)   10.000    10.000 r  
    U7                                                0.000    10.000 r  clk_pin (IN)
                         net (fo=0)                   0.000    10.000    clk_pin
    U7                   IBUF (Prop_ibuf_I_O)         1.502    11.502 r  clk_pin_IBUF_inst/O
                         net (fo=1, routed)           1.972    13.474    clk_pin_IBUF
    BUFGCTRL_X0Y0        BUFG (Prop_bufg_I_O)         0.091    13.565 r  u_bufg/O
                         net (fo=86, routed)          1.654    15.219    u_selftest/clk
    SLICE_X2Y9           FDRE                                         r  u_selftest/FSM_sequential_state_reg[0]/C
                         clock pessimism              0.459    15.678    
                         clock uncertainty           -0.035    15.643    
    SLICE_X2Y9           FDRE (Setup_fdre_C_D)        0.081    15.724    u_selftest/FSM_sequential_state_reg[0]
  -------------------------------------------------------------------
                         required time                         15.724    
                         arrival time                          -8.606    
  -------------------------------------------------------------------
                         slack                                  7.118    





Min Delay Paths
--------------------------------------------------------------------------------------
Slack (MET) :             0.153ns  (arrival time - required time)
  Source:                 u_selftest/u_dut/u_win/win_valid_reg/C
                            (rising edge-triggered cell FDRE clocked by sys_clk  {rise@0.000ns fall@5.000ns period=10.000ns})
  Destination:            u_selftest/u_dut/u_mac/v1_reg/D
                            (rising edge-triggered cell FDRE clocked by sys_clk  {rise@0.000ns fall@5.000ns period=10.000ns})
  Path Group:             sys_clk
  Path Type:              Hold (Min at Fast Process Corner)
  Requirement:            0.000ns  (sys_clk rise@0.000ns - sys_clk rise@0.000ns)
  Data Path Delay:        0.240ns  (logic 0.141ns (58.691%)  route 0.099ns (41.309%))
  Logic Levels:           0  
  Clock Path Skew:        0.017ns (DCD - SCD - CPR)
    Destination Clock Delay (DCD):    2.170ns
    Source Clock Delay      (SCD):    1.651ns
    Clock Pessimism Removal (CPR):    0.502ns

    Location             Delay type                Incr(ns)  Path(ns)    Netlist Resource(s)
  -------------------------------------------------------------------    -------------------
                         (clock sys_clk rise edge)    0.000     0.000 r  
    U7                                                0.000     0.000 r  clk_pin (IN)
                         net (fo=0)                   0.000     0.000    clk_pin
    U7                   IBUF (Prop_ibuf_I_O)         0.340     0.340 r  clk_pin_IBUF_inst/O
                         net (fo=1, routed)           0.663     1.003    clk_pin_IBUF
    BUFGCTRL_X0Y0        BUFG (Prop_bufg_I_O)         0.026     1.029 r  u_bufg/O
                         net (fo=86, routed)          0.622     1.651    u_selftest/u_dut/u_win/clk
    SLICE_X3Y7           FDRE                                         r  u_selftest/u_dut/u_win/win_valid_reg/C
  -------------------------------------------------------------------    -------------------
    SLICE_X3Y7           FDRE (Prop_fdre_C_Q)         0.141     1.792 r  u_selftest/u_dut/u_win/win_valid_reg/Q
                         net (fo=1, routed)           0.099     1.891    u_selftest/u_dut/u_mac/in_valid
    SLICE_X1Y6           FDRE                                         r  u_selftest/u_dut/u_mac/v1_reg/D
  -------------------------------------------------------------------    -------------------

                         (clock sys_clk rise edge)    0.000     0.000 r  
    U7                                                0.000     0.000 r  clk_pin (IN)
                         net (fo=0)                   0.000     0.000    clk_pin
    U7                   IBUF (Prop_ibuf_I_O)         0.529     0.529 r  clk_pin_IBUF_inst/O
                         net (fo=1, routed)           0.719     1.248    clk_pin_IBUF
    BUFGCTRL_X0Y0        BUFG (Prop_bufg_I_O)         0.029     1.277 r  u_bufg/O
                         net (fo=86, routed)          0.893     2.170    u_selftest/u_dut/u_mac/clk
    SLICE_X1Y6           FDRE                                         r  u_selftest/u_dut/u_mac/v1_reg/C
                         clock pessimism             -0.502     1.668    
    SLICE_X1Y6           FDRE (Hold_fdre_C_D)         0.070     1.738    u_selftest/u_dut/u_mac/v1_reg
  -------------------------------------------------------------------
                         required time                         -1.738    
                         arrival time                           1.891    
  -------------------------------------------------------------------
                         slack                                  0.153    

Slack (MET) :             0.166ns  (arrival time - required time)
  Source:                 u_selftest/oidx_reg[1]/C
                            (rising edge-triggered cell FDRE clocked by sys_clk  {rise@0.000ns fall@5.000ns period=10.000ns})
  Destination:            u_selftest/oidx_reg[4]/D
                            (rising edge-triggered cell FDRE clocked by sys_clk  {rise@0.000ns fall@5.000ns period=10.000ns})
  Path Group:             sys_clk
  Path Type:              Hold (Min at Fast Process Corner)
  Requirement:            0.000ns  (sys_clk rise@0.000ns - sys_clk rise@0.000ns)
  Data Path Delay:        0.310ns  (logic 0.189ns (60.880%)  route 0.121ns (39.120%))
  Logic Levels:           1  (LUT5=1)
  Clock Path Skew:        0.013ns (DCD - SCD - CPR)
    Destination Clock Delay (DCD):    2.170ns
    Source Clock Delay      (SCD):    1.652ns
    Clock Pessimism Removal (CPR):    0.505ns

    Location             Delay type                Incr(ns)  Path(ns)    Netlist Resource(s)
  -------------------------------------------------------------------    -------------------
                         (clock sys_clk rise edge)    0.000     0.000 r  
    U7                                                0.000     0.000 r  clk_pin (IN)
                         net (fo=0)                   0.000     0.000    clk_pin
    U7                   IBUF (Prop_ibuf_I_O)         0.340     0.340 r  clk_pin_IBUF_inst/O
                         net (fo=1, routed)           0.663     1.003    clk_pin_IBUF
    BUFGCTRL_X0Y0        BUFG (Prop_bufg_I_O)         0.026     1.029 r  u_bufg/O
                         net (fo=86, routed)          0.623     1.652    u_selftest/clk
    SLICE_X3Y3           FDRE                                         r  u_selftest/oidx_reg[1]/C
  -------------------------------------------------------------------    -------------------
    SLICE_X3Y3           FDRE (Prop_fdre_C_Q)         0.141     1.793 r  u_selftest/oidx_reg[1]/Q
                         net (fo=6, routed)           0.121     1.915    u_selftest/oidx_reg_n_0_[1]
    SLICE_X2Y3           LUT5 (Prop_lut5_I1_O)        0.048     1.963 r  u_selftest/oidx[4]_i_1/O
                         net (fo=1, routed)           0.000     1.963    u_selftest/p_0_in[4]
    SLICE_X2Y3           FDRE                                         r  u_selftest/oidx_reg[4]/D
  -------------------------------------------------------------------    -------------------

                         (clock sys_clk rise edge)    0.000     0.000 r  
    U7                                                0.000     0.000 r  clk_pin (IN)
                         net (fo=0)                   0.000     0.000    clk_pin
    U7                   IBUF (Prop_ibuf_I_O)         0.529     0.529 r  clk_pin_IBUF_inst/O
                         net (fo=1, routed)           0.719     1.248    clk_pin_IBUF
    BUFGCTRL_X0Y0        BUFG (Prop_bufg_I_O)         0.029     1.277 r  u_bufg/O
                         net (fo=86, routed)          0.893     2.170    u_selftest/clk
    SLICE_X2Y3           FDRE                                         r  u_selftest/oidx_reg[4]/C
                         clock pessimism             -0.505     1.665    
    SLICE_X2Y3           FDRE (Hold_fdre_C_D)         0.131     1.796    u_selftest/oidx_reg[4]
  -------------------------------------------------------------------
                         required time                         -1.796    
                         arrival time                           1.963    
  -------------------------------------------------------------------
                         slack                                  0.166    

Slack (MET) :             0.174ns  (arrival time - required time)
  Source:                 u_selftest/oidx_reg[1]/C
                            (rising edge-triggered cell FDRE clocked by sys_clk  {rise@0.000ns fall@5.000ns period=10.000ns})
  Destination:            u_selftest/oidx_reg[3]/D
                            (rising edge-triggered cell FDRE clocked by sys_clk  {rise@0.000ns fall@5.000ns period=10.000ns})
  Path Group:             sys_clk
  Path Type:              Hold (Min at Fast Process Corner)
  Requirement:            0.000ns  (sys_clk rise@0.000ns - sys_clk rise@0.000ns)
  Data Path Delay:        0.307ns  (logic 0.186ns (60.498%)  route 0.121ns (39.502%))
  Logic Levels:           1  (LUT4=1)
  Clock Path Skew:        0.013ns (DCD - SCD - CPR)
    Destination Clock Delay (DCD):    2.170ns
    Source Clock Delay      (SCD):    1.652ns
    Clock Pessimism Removal (CPR):    0.505ns

    Location             Delay type                Incr(ns)  Path(ns)    Netlist Resource(s)
  -------------------------------------------------------------------    -------------------
                         (clock sys_clk rise edge)    0.000     0.000 r  
    U7                                                0.000     0.000 r  clk_pin (IN)
                         net (fo=0)                   0.000     0.000    clk_pin
    U7                   IBUF (Prop_ibuf_I_O)         0.340     0.340 r  clk_pin_IBUF_inst/O
                         net (fo=1, routed)           0.663     1.003    clk_pin_IBUF
    BUFGCTRL_X0Y0        BUFG (Prop_bufg_I_O)         0.026     1.029 r  u_bufg/O
                         net (fo=86, routed)          0.623     1.652    u_selftest/clk
    SLICE_X3Y3           FDRE                                         r  u_selftest/oidx_reg[1]/C
  -------------------------------------------------------------------    -------------------
    SLICE_X3Y3           FDRE (Prop_fdre_C_Q)         0.141     1.793 r  u_selftest/oidx_reg[1]/Q
                         net (fo=6, routed)           0.121     1.915    u_selftest/oidx_reg_n_0_[1]
    SLICE_X2Y3           LUT4 (Prop_lut4_I2_O)        0.045     1.960 r  u_selftest/oidx[3]_i_1/O
                         net (fo=1, routed)           0.000     1.960    u_selftest/p_0_in[3]
    SLICE_X2Y3           FDRE                                         r  u_selftest/oidx_reg[3]/D
  -------------------------------------------------------------------    -------------------

                         (clock sys_clk rise edge)    0.000     0.000 r  
    U7                                                0.000     0.000 r  clk_pin (IN)
                         net (fo=0)                   0.000     0.000    clk_pin
    U7                   IBUF (Prop_ibuf_I_O)         0.529     0.529 r  clk_pin_IBUF_inst/O
                         net (fo=1, routed)           0.719     1.248    clk_pin_IBUF
    BUFGCTRL_X0Y0        BUFG (Prop_bufg_I_O)         0.029     1.277 r  u_bufg/O
                         net (fo=86, routed)          0.893     2.170    u_selftest/clk
    SLICE_X2Y3           FDRE                                         r  u_selftest/oidx_reg[3]/C
                         clock pessimism             -0.505     1.665    
    SLICE_X2Y3           FDRE (Hold_fdre_C_D)         0.120     1.785    u_selftest/oidx_reg[3]
  -------------------------------------------------------------------
                         required time                         -1.785    
                         arrival time                           1.960    
  -------------------------------------------------------------------
                         slack                                  0.174    

Slack (MET) :             0.177ns  (arrival time - required time)
  Source:                 u_selftest/oidx_reg[1]/C
                            (rising edge-triggered cell FDRE clocked by sys_clk  {rise@0.000ns fall@5.000ns period=10.000ns})
  Destination:            u_selftest/oidx_reg[5]/D
                            (rising edge-triggered cell FDRE clocked by sys_clk  {rise@0.000ns fall@5.000ns period=10.000ns})
  Path Group:             sys_clk
  Path Type:              Hold (Min at Fast Process Corner)
  Requirement:            0.000ns  (sys_clk rise@0.000ns - sys_clk rise@0.000ns)
  Data Path Delay:        0.311ns  (logic 0.186ns (59.721%)  route 0.125ns (40.279%))
  Logic Levels:           1  (LUT6=1)
  Clock Path Skew:        0.013ns (DCD - SCD - CPR)
    Destination Clock Delay (DCD):    2.170ns
    Source Clock Delay      (SCD):    1.652ns
    Clock Pessimism Removal (CPR):    0.505ns

    Location             Delay type                Incr(ns)  Path(ns)    Netlist Resource(s)
  -------------------------------------------------------------------    -------------------
                         (clock sys_clk rise edge)    0.000     0.000 r  
    U7                                                0.000     0.000 r  clk_pin (IN)
                         net (fo=0)                   0.000     0.000    clk_pin
    U7                   IBUF (Prop_ibuf_I_O)         0.340     0.340 r  clk_pin_IBUF_inst/O
                         net (fo=1, routed)           0.663     1.003    clk_pin_IBUF
    BUFGCTRL_X0Y0        BUFG (Prop_bufg_I_O)         0.026     1.029 r  u_bufg/O
                         net (fo=86, routed)          0.623     1.652    u_selftest/clk
    SLICE_X3Y3           FDRE                                         r  u_selftest/oidx_reg[1]/C
  -------------------------------------------------------------------    -------------------
    SLICE_X3Y3           FDRE (Prop_fdre_C_Q)         0.141     1.793 r  u_selftest/oidx_reg[1]/Q
                         net (fo=6, routed)           0.125     1.919    u_selftest/oidx_reg_n_0_[1]
    SLICE_X2Y3           LUT6 (Prop_lut6_I3_O)        0.045     1.964 r  u_selftest/oidx[5]_i_1/O
                         net (fo=1, routed)           0.000     1.964    u_selftest/p_0_in[5]
    SLICE_X2Y3           FDRE                                         r  u_selftest/oidx_reg[5]/D
  -------------------------------------------------------------------    -------------------

                         (clock sys_clk rise edge)    0.000     0.000 r  
    U7                                                0.000     0.000 r  clk_pin (IN)
                         net (fo=0)                   0.000     0.000    clk_pin
    U7                   IBUF (Prop_ibuf_I_O)         0.529     0.529 r  clk_pin_IBUF_inst/O
                         net (fo=1, routed)           0.719     1.248    clk_pin_IBUF
    BUFGCTRL_X0Y0        BUFG (Prop_bufg_I_O)         0.029     1.277 r  u_bufg/O
                         net (fo=86, routed)          0.893     2.170    u_selftest/clk
    SLICE_X2Y3           FDRE                                         r  u_selftest/oidx_reg[5]/C
                         clock pessimism             -0.505     1.665    
    SLICE_X2Y3           FDRE (Hold_fdre_C_D)         0.121     1.786    u_selftest/oidx_reg[5]
  -------------------------------------------------------------------
                         required time                         -1.786    
                         arrival time                           1.964    
  -------------------------------------------------------------------
                         slack                                  0.177    

Slack (MET) :             0.188ns  (arrival time - required time)
  Source:                 u_selftest/u_dut/out_cnt_reg[7]/C
                            (rising edge-triggered cell FDRE clocked by sys_clk  {rise@0.000ns fall@5.000ns period=10.000ns})
  Destination:            u_selftest/u_dut/out_cnt_reg[2]/D
                            (rising edge-triggered cell FDRE clocked by sys_clk  {rise@0.000ns fall@5.000ns period=10.000ns})
  Path Group:             sys_clk
  Path Type:              Hold (Min at Fast Process Corner)
  Requirement:            0.000ns  (sys_clk rise@0.000ns - sys_clk rise@0.000ns)
  Data Path Delay:        0.325ns  (logic 0.186ns (57.193%)  route 0.139ns (42.807%))
  Logic Levels:           1  (LUT6=1)
  Clock Path Skew:        0.016ns (DCD - SCD - CPR)
    Destination Clock Delay (DCD):    2.169ns
    Source Clock Delay      (SCD):    1.651ns
    Clock Pessimism Removal (CPR):    0.502ns

    Location             Delay type                Incr(ns)  Path(ns)    Netlist Resource(s)
  -------------------------------------------------------------------    -------------------
                         (clock sys_clk rise edge)    0.000     0.000 r  
    U7                                                0.000     0.000 r  clk_pin (IN)
                         net (fo=0)                   0.000     0.000    clk_pin
    U7                   IBUF (Prop_ibuf_I_O)         0.340     0.340 r  clk_pin_IBUF_inst/O
                         net (fo=1, routed)           0.663     1.003    clk_pin_IBUF
    BUFGCTRL_X0Y0        BUFG (Prop_bufg_I_O)         0.026     1.029 r  u_bufg/O
                         net (fo=86, routed)          0.622     1.651    u_selftest/u_dut/clk
    SLICE_X3Y9           FDRE                                         r  u_selftest/u_dut/out_cnt_reg[7]/C
  -------------------------------------------------------------------    -------------------
    SLICE_X3Y9           FDRE (Prop_fdre_C_Q)         0.141     1.792 f  u_selftest/u_dut/out_cnt_reg[7]/Q
                         net (fo=4, routed)           0.139     1.931    u_selftest/u_dut/out_cnt[7]
    SLICE_X2Y8           LUT6 (Prop_lut6_I1_O)        0.045     1.976 r  u_selftest/u_dut/out_cnt[2]_i_1/O
                         net (fo=1, routed)           0.000     1.976    u_selftest/u_dut/out_cnt_0[2]
    SLICE_X2Y8           FDRE                                         r  u_selftest/u_dut/out_cnt_reg[2]/D
  -------------------------------------------------------------------    -------------------

                         (clock sys_clk rise edge)    0.000     0.000 r  
    U7                                                0.000     0.000 r  clk_pin (IN)
                         net (fo=0)                   0.000     0.000    clk_pin
    U7                   IBUF (Prop_ibuf_I_O)         0.529     0.529 r  clk_pin_IBUF_inst/O
                         net (fo=1, routed)           0.719     1.248    clk_pin_IBUF
    BUFGCTRL_X0Y0        BUFG (Prop_bufg_I_O)         0.029     1.277 r  u_bufg/O
                         net (fo=86, routed)          0.892     2.169    u_selftest/u_dut/clk
    SLICE_X2Y8           FDRE                                         r  u_selftest/u_dut/out_cnt_reg[2]/C
                         clock pessimism             -0.502     1.667    
    SLICE_X2Y8           FDRE (Hold_fdre_C_D)         0.121     1.788    u_selftest/u_dut/out_cnt_reg[2]
  -------------------------------------------------------------------
                         required time                         -1.788    
                         arrival time                           1.976    
  -------------------------------------------------------------------
                         slack                                  0.188    

Slack (MET) :             0.225ns  (arrival time - required time)
  Source:                 u_selftest/u_dut/out_cnt_reg[4]/C
                            (rising edge-triggered cell FDRE clocked by sys_clk  {rise@0.000ns fall@5.000ns period=10.000ns})
  Destination:            u_selftest/u_dut/out_cnt_reg[5]/D
                            (rising edge-triggered cell FDRE clocked by sys_clk  {rise@0.000ns fall@5.000ns period=10.000ns})
  Path Group:             sys_clk
  Path Type:              Hold (Min at Fast Process Corner)
  Requirement:            0.000ns  (sys_clk rise@0.000ns - sys_clk rise@0.000ns)
  Data Path Delay:        0.346ns  (logic 0.246ns (71.147%)  route 0.100ns (28.853%))
  Logic Levels:           1  (LUT6=1)
  Clock Path Skew:        0.000ns (DCD - SCD - CPR)
    Destination Clock Delay (DCD):    2.169ns
    Source Clock Delay      (SCD):    1.651ns
    Clock Pessimism Removal (CPR):    0.518ns

    Location             Delay type                Incr(ns)  Path(ns)    Netlist Resource(s)
  -------------------------------------------------------------------    -------------------
                         (clock sys_clk rise edge)    0.000     0.000 r  
    U7                                                0.000     0.000 r  clk_pin (IN)
                         net (fo=0)                   0.000     0.000    clk_pin
    U7                   IBUF (Prop_ibuf_I_O)         0.340     0.340 r  clk_pin_IBUF_inst/O
                         net (fo=1, routed)           0.663     1.003    clk_pin_IBUF
    BUFGCTRL_X0Y0        BUFG (Prop_bufg_I_O)         0.026     1.029 r  u_bufg/O
                         net (fo=86, routed)          0.622     1.651    u_selftest/u_dut/clk
    SLICE_X2Y8           FDRE                                         r  u_selftest/u_dut/out_cnt_reg[4]/C
  -------------------------------------------------------------------    -------------------
    SLICE_X2Y8           FDRE (Prop_fdre_C_Q)         0.148     1.799 r  u_selftest/u_dut/out_cnt_reg[4]/Q
                         net (fo=7, routed)           0.100     1.899    u_selftest/u_dut/out_cnt[4]
    SLICE_X2Y8           LUT6 (Prop_lut6_I1_O)        0.098     1.997 r  u_selftest/u_dut/out_cnt[5]_i_1/O
                         net (fo=1, routed)           0.000     1.997    u_selftest/u_dut/out_cnt_0[5]
    SLICE_X2Y8           FDRE                                         r  u_selftest/u_dut/out_cnt_reg[5]/D
  -------------------------------------------------------------------    -------------------

                         (clock sys_clk rise edge)    0.000     0.000 r  
    U7                                                0.000     0.000 r  clk_pin (IN)
                         net (fo=0)                   0.000     0.000    clk_pin
    U7                   IBUF (Prop_ibuf_I_O)         0.529     0.529 r  clk_pin_IBUF_inst/O
                         net (fo=1, routed)           0.719     1.248    clk_pin_IBUF
    BUFGCTRL_X0Y0        BUFG (Prop_bufg_I_O)         0.029     1.277 r  u_bufg/O
                         net (fo=86, routed)          0.892     2.169    u_selftest/u_dut/clk
    SLICE_X2Y8           FDRE                                         r  u_selftest/u_dut/out_cnt_reg[5]/C
                         clock pessimism             -0.518     1.651    
    SLICE_X2Y8           FDRE (Hold_fdre_C_D)         0.121     1.772    u_selftest/u_dut/out_cnt_reg[5]
  -------------------------------------------------------------------
                         required time                         -1.772    
                         arrival time                           1.997    
  -------------------------------------------------------------------
                         slack                                  0.225    

Slack (MET) :             0.229ns  (arrival time - required time)
  Source:                 u_selftest/u_dut/u_win/col_reg[1]/C
                            (rising edge-triggered cell FDRE clocked by sys_clk  {rise@0.000ns fall@5.000ns period=10.000ns})
  Destination:            u_selftest/u_dut/u_win/win_valid_reg/D
                            (rising edge-triggered cell FDRE clocked by sys_clk  {rise@0.000ns fall@5.000ns period=10.000ns})
  Path Group:             sys_clk
  Path Type:              Hold (Min at Fast Process Corner)
  Requirement:            0.000ns  (sys_clk rise@0.000ns - sys_clk rise@0.000ns)
  Data Path Delay:        0.333ns  (logic 0.209ns (62.747%)  route 0.124ns (37.254%))
  Logic Levels:           1  (LUT6=1)
  Clock Path Skew:        0.013ns (DCD - SCD - CPR)
    Destination Clock Delay (DCD):    2.169ns
    Source Clock Delay      (SCD):    1.651ns
    Clock Pessimism Removal (CPR):    0.505ns

    Location             Delay type                Incr(ns)  Path(ns)    Netlist Resource(s)
  -------------------------------------------------------------------    -------------------
                         (clock sys_clk rise edge)    0.000     0.000 r  
    U7                                                0.000     0.000 r  clk_pin (IN)
                         net (fo=0)                   0.000     0.000    clk_pin
    U7                   IBUF (Prop_ibuf_I_O)         0.340     0.340 r  clk_pin_IBUF_inst/O
                         net (fo=1, routed)           0.663     1.003    clk_pin_IBUF
    BUFGCTRL_X0Y0        BUFG (Prop_bufg_I_O)         0.026     1.029 r  u_bufg/O
                         net (fo=86, routed)          0.622     1.651    u_selftest/u_dut/u_win/clk
    SLICE_X2Y7           FDRE                                         r  u_selftest/u_dut/u_win/col_reg[1]/C
  -------------------------------------------------------------------    -------------------
    SLICE_X2Y7           FDRE (Prop_fdre_C_Q)         0.164     1.815 r  u_selftest/u_dut/u_win/col_reg[1]/Q
                         net (fo=6, routed)           0.124     1.939    u_selftest/u_dut/u_win/col[1]
    SLICE_X3Y7           LUT6 (Prop_lut6_I4_O)        0.045     1.984 r  u_selftest/u_dut/u_win/win_valid_i_1/O
                         net (fo=1, routed)           0.000     1.984    u_selftest/u_dut/u_win/win_valid_i_1_n_0
    SLICE_X3Y7           FDRE                                         r  u_selftest/u_dut/u_win/win_valid_reg/D
  -------------------------------------------------------------------    -------------------

                         (clock sys_clk rise edge)    0.000     0.000 r  
    U7                                                0.000     0.000 r  clk_pin (IN)
                         net (fo=0)                   0.000     0.000    clk_pin
    U7                   IBUF (Prop_ibuf_I_O)         0.529     0.529 r  clk_pin_IBUF_inst/O
                         net (fo=1, routed)           0.719     1.248    clk_pin_IBUF
    BUFGCTRL_X0Y0        BUFG (Prop_bufg_I_O)         0.029     1.277 r  u_bufg/O
                         net (fo=86, routed)          0.892     2.169    u_selftest/u_dut/u_win/clk
    SLICE_X3Y7           FDRE                                         r  u_selftest/u_dut/u_win/win_valid_reg/C
                         clock pessimism             -0.505     1.664    
    SLICE_X3Y7           FDRE (Hold_fdre_C_D)         0.091     1.755    u_selftest/u_dut/u_win/win_valid_reg
  -------------------------------------------------------------------
                         required time                         -1.755    
                         arrival time                           1.984    
  -------------------------------------------------------------------
                         slack                                  0.229    

Slack (MET) :             0.234ns  (arrival time - required time)
  Source:                 u_selftest/u_dut/out_cnt_reg[0]/C
                            (rising edge-triggered cell FDRE clocked by sys_clk  {rise@0.000ns fall@5.000ns period=10.000ns})
  Destination:            u_selftest/u_dut/out_cnt_reg[4]/D
                            (rising edge-triggered cell FDRE clocked by sys_clk  {rise@0.000ns fall@5.000ns period=10.000ns})
  Path Group:             sys_clk
  Path Type:              Hold (Min at Fast Process Corner)
  Requirement:            0.000ns  (sys_clk rise@0.000ns - sys_clk rise@0.000ns)
  Data Path Delay:        0.381ns  (logic 0.189ns (49.552%)  route 0.192ns (50.448%))
  Logic Levels:           1  (LUT5=1)
  Clock Path Skew:        0.016ns (DCD - SCD - CPR)
    Destination Clock Delay (DCD):    2.169ns
    Source Clock Delay      (SCD):    1.651ns
    Clock Pessimism Removal (CPR):    0.502ns

    Location             Delay type                Incr(ns)  Path(ns)    Netlist Resource(s)
  -------------------------------------------------------------------    -------------------
                         (clock sys_clk rise edge)    0.000     0.000 r  
    U7                                                0.000     0.000 r  clk_pin (IN)
                         net (fo=0)                   0.000     0.000    clk_pin
    U7                   IBUF (Prop_ibuf_I_O)         0.340     0.340 r  clk_pin_IBUF_inst/O
                         net (fo=1, routed)           0.663     1.003    clk_pin_IBUF
    BUFGCTRL_X0Y0        BUFG (Prop_bufg_I_O)         0.026     1.029 r  u_bufg/O
                         net (fo=86, routed)          0.622     1.651    u_selftest/u_dut/clk
    SLICE_X3Y9           FDRE                                         r  u_selftest/u_dut/out_cnt_reg[0]/C
  -------------------------------------------------------------------    -------------------
    SLICE_X3Y9           FDRE (Prop_fdre_C_Q)         0.141     1.792 r  u_selftest/u_dut/out_cnt_reg[0]/Q
                         net (fo=9, routed)           0.192     1.984    u_selftest/u_dut/out_cnt[0]
    SLICE_X2Y8           LUT5 (Prop_lut5_I2_O)        0.048     2.032 r  u_selftest/u_dut/out_cnt[4]_i_1/O
                         net (fo=1, routed)           0.000     2.032    u_selftest/u_dut/out_cnt_0[4]
    SLICE_X2Y8           FDRE                                         r  u_selftest/u_dut/out_cnt_reg[4]/D
  -------------------------------------------------------------------    -------------------

                         (clock sys_clk rise edge)    0.000     0.000 r  
    U7                                                0.000     0.000 r  clk_pin (IN)
                         net (fo=0)                   0.000     0.000    clk_pin
    U7                   IBUF (Prop_ibuf_I_O)         0.529     0.529 r  clk_pin_IBUF_inst/O
                         net (fo=1, routed)           0.719     1.248    clk_pin_IBUF
    BUFGCTRL_X0Y0        BUFG (Prop_bufg_I_O)         0.029     1.277 r  u_bufg/O
                         net (fo=86, routed)          0.892     2.169    u_selftest/u_dut/clk
    SLICE_X2Y8           FDRE                                         r  u_selftest/u_dut/out_cnt_reg[4]/C
                         clock pessimism             -0.502     1.667    
    SLICE_X2Y8           FDRE (Hold_fdre_C_D)         0.131     1.798    u_selftest/u_dut/out_cnt_reg[4]
  -------------------------------------------------------------------
                         required time                         -1.798    
                         arrival time                           2.032    
  -------------------------------------------------------------------
                         slack                                  0.234    

Slack (MET) :             0.235ns  (arrival time - required time)
  Source:                 u_selftest/pidx_reg[0]/C
                            (rising edge-triggered cell FDRE clocked by sys_clk  {rise@0.000ns fall@5.000ns period=10.000ns})
  Destination:            u_selftest/pidx_reg[3]/D
                            (rising edge-triggered cell FDRE clocked by sys_clk  {rise@0.000ns fall@5.000ns period=10.000ns})
  Path Group:             sys_clk
  Path Type:              Hold (Min at Fast Process Corner)
  Requirement:            0.000ns  (sys_clk rise@0.000ns - sys_clk rise@0.000ns)
  Data Path Delay:        0.358ns  (logic 0.190ns (53.032%)  route 0.168ns (46.968%))
  Logic Levels:           1  (LUT5=1)
  Clock Path Skew:        0.016ns (DCD - SCD - CPR)
    Destination Clock Delay (DCD):    2.169ns
    Source Clock Delay      (SCD):    1.651ns
    Clock Pessimism Removal (CPR):    0.502ns

    Location             Delay type                Incr(ns)  Path(ns)    Netlist Resource(s)
  -------------------------------------------------------------------    -------------------
                         (clock sys_clk rise edge)    0.000     0.000 r  
    U7                                                0.000     0.000 r  clk_pin (IN)
                         net (fo=0)                   0.000     0.000    clk_pin
    U7                   IBUF (Prop_ibuf_I_O)         0.340     0.340 r  clk_pin_IBUF_inst/O
                         net (fo=1, routed)           0.663     1.003    clk_pin_IBUF
    BUFGCTRL_X0Y0        BUFG (Prop_bufg_I_O)         0.026     1.029 r  u_bufg/O
                         net (fo=86, routed)          0.622     1.651    u_selftest/clk
    SLICE_X1Y8           FDRE                                         r  u_selftest/pidx_reg[0]/C
  -------------------------------------------------------------------    -------------------
    SLICE_X1Y8           FDRE (Prop_fdre_C_Q)         0.141     1.792 r  u_selftest/pidx_reg[0]/Q
                         net (fo=6, routed)           0.168     1.960    u_selftest/pidx_reg_n_0_[0]
    SLICE_X1Y7           LUT5 (Prop_lut5_I3_O)        0.049     2.009 r  u_selftest/pidx[3]_i_1/O
                         net (fo=1, routed)           0.000     2.009    u_selftest/pidx[3]_i_1_n_0
    SLICE_X1Y7           FDRE                                         r  u_selftest/pidx_reg[3]/D
  -------------------------------------------------------------------    -------------------

                         (clock sys_clk rise edge)    0.000     0.000 r  
    U7                                                0.000     0.000 r  clk_pin (IN)
                         net (fo=0)                   0.000     0.000    clk_pin
    U7                   IBUF (Prop_ibuf_I_O)         0.529     0.529 r  clk_pin_IBUF_inst/O
                         net (fo=1, routed)           0.719     1.248    clk_pin_IBUF
    BUFGCTRL_X0Y0        BUFG (Prop_bufg_I_O)         0.029     1.277 r  u_bufg/O
                         net (fo=86, routed)          0.892     2.169    u_selftest/clk
    SLICE_X1Y7           FDRE                                         r  u_selftest/pidx_reg[3]/C
                         clock pessimism             -0.502     1.667    
    SLICE_X1Y7           FDRE (Hold_fdre_C_D)         0.107     1.774    u_selftest/pidx_reg[3]
  -------------------------------------------------------------------
                         required time                         -1.774    
                         arrival time                           2.009    
  -------------------------------------------------------------------
                         slack                                  0.235    

Slack (MET) :             0.242ns  (arrival time - required time)
  Source:                 u_selftest/u_dut/u_mac/v2_reg/C
                            (rising edge-triggered cell FDRE clocked by sys_clk  {rise@0.000ns fall@5.000ns period=10.000ns})
  Destination:            u_selftest/u_dut/u_mac/v3_reg/D
                            (rising edge-triggered cell FDRE clocked by sys_clk  {rise@0.000ns fall@5.000ns period=10.000ns})
  Path Group:             sys_clk
  Path Type:              Hold (Min at Fast Process Corner)
  Requirement:            0.000ns  (sys_clk rise@0.000ns - sys_clk rise@0.000ns)
  Data Path Delay:        0.311ns  (logic 0.141ns (45.317%)  route 0.170ns (54.683%))
  Logic Levels:           0  
  Clock Path Skew:        0.016ns (DCD - SCD - CPR)
    Destination Clock Delay (DCD):    2.170ns
    Source Clock Delay      (SCD):    1.652ns
    Clock Pessimism Removal (CPR):    0.502ns

    Location             Delay type                Incr(ns)  Path(ns)    Netlist Resource(s)
  -------------------------------------------------------------------    -------------------
                         (clock sys_clk rise edge)    0.000     0.000 r  
    U7                                                0.000     0.000 r  clk_pin (IN)
                         net (fo=0)                   0.000     0.000    clk_pin
    U7                   IBUF (Prop_ibuf_I_O)         0.340     0.340 r  clk_pin_IBUF_inst/O
                         net (fo=1, routed)           0.663     1.003    clk_pin_IBUF
    BUFGCTRL_X0Y0        BUFG (Prop_bufg_I_O)         0.026     1.029 r  u_bufg/O
                         net (fo=86, routed)          0.623     1.652    u_selftest/u_dut/u_mac/clk
    SLICE_X1Y6           FDRE                                         r  u_selftest/u_dut/u_mac/v2_reg/C
  -------------------------------------------------------------------    -------------------
    SLICE_X1Y6           FDRE (Prop_fdre_C_Q)         0.141     1.793 r  u_selftest/u_dut/u_mac/v2_reg/Q
                         net (fo=1, routed)           0.170     1.963    u_selftest/u_dut/u_mac/v2
    SLICE_X0Y3           FDRE                                         r  u_selftest/u_dut/u_mac/v3_reg/D
  -------------------------------------------------------------------    -------------------

                         (clock sys_clk rise edge)    0.000     0.000 r  
    U7                                                0.000     0.000 r  clk_pin (IN)
                         net (fo=0)                   0.000     0.000    clk_pin
    U7                   IBUF (Prop_ibuf_I_O)         0.529     0.529 r  clk_pin_IBUF_inst/O
                         net (fo=1, routed)           0.719     1.248    clk_pin_IBUF
    BUFGCTRL_X0Y0        BUFG (Prop_bufg_I_O)         0.029     1.277 r  u_bufg/O
                         net (fo=86, routed)          0.893     2.170    u_selftest/u_dut/u_mac/clk
    SLICE_X0Y3           FDRE                                         r  u_selftest/u_dut/u_mac/v3_reg/C
                         clock pessimism             -0.502     1.668    
    SLICE_X0Y3           FDRE (Hold_fdre_C_D)         0.053     1.721    u_selftest/u_dut/u_mac/v3_reg
  -------------------------------------------------------------------
                         required time                         -1.721    
                         arrival time                           1.963    
  -------------------------------------------------------------------
                         slack                                  0.242    





Pulse Width Checks
--------------------------------------------------------------------------------------
Clock Name:         sys_clk
Waveform(ns):       { 0.000 5.000 }
Period(ns):         10.000
Sources:            { clk_pin }

Check Type        Corner  Lib Pin  Reference Pin  Required(ns)  Actual(ns)  Slack(ns)  Location       Pin
Min Period        n/a     BUFG/I   n/a            2.155         10.000      7.845      BUFGCTRL_X0Y0  u_bufg/I
Min Period        n/a     FDRE/C   n/a            1.000         10.000      9.000      SLICE_X2Y9     u_selftest/FSM_sequential_state_reg[0]/C
Min Period        n/a     FDRE/C   n/a            1.000         10.000      9.000      SLICE_X2Y9     u_selftest/FSM_sequential_state_reg[1]/C
Min Period        n/a     FDRE/C   n/a            1.000         10.000      9.000      SLICE_X2Y9     u_selftest/FSM_sequential_state_reg[2]/C
Min Period        n/a     FDRE/C   n/a            1.000         10.000      9.000      SLICE_X1Y4     u_selftest/fail_r_reg/C
Min Period        n/a     FDRE/C   n/a            1.000         10.000      9.000      SLICE_X0Y3     u_selftest/hb_reg[0]/C
Min Period        n/a     FDRE/C   n/a            1.000         10.000      9.000      SLICE_X0Y5     u_selftest/hb_reg[10]/C
Min Period        n/a     FDRE/C   n/a            1.000         10.000      9.000      SLICE_X0Y5     u_selftest/hb_reg[11]/C
Min Period        n/a     FDRE/C   n/a            1.000         10.000      9.000      SLICE_X0Y6     u_selftest/hb_reg[12]/C
Min Period        n/a     FDRE/C   n/a            1.000         10.000      9.000      SLICE_X0Y6     u_selftest/hb_reg[13]/C
Low Pulse Width   Slow    FDRE/C   n/a            0.500         5.000       4.500      SLICE_X2Y9     u_selftest/FSM_sequential_state_reg[0]/C
Low Pulse Width   Fast    FDRE/C   n/a            0.500         5.000       4.500      SLICE_X2Y9     u_selftest/FSM_sequential_state_reg[0]/C
Low Pulse Width   Slow    FDRE/C   n/a            0.500         5.000       4.500      SLICE_X2Y9     u_selftest/FSM_sequential_state_reg[1]/C
Low Pulse Width   Fast    FDRE/C   n/a            0.500         5.000       4.500      SLICE_X2Y9     u_selftest/FSM_sequential_state_reg[1]/C
Low Pulse Width   Slow    FDRE/C   n/a            0.500         5.000       4.500      SLICE_X2Y9     u_selftest/FSM_sequential_state_reg[2]/C
Low Pulse Width   Fast    FDRE/C   n/a            0.500         5.000       4.500      SLICE_X2Y9     u_selftest/FSM_sequential_state_reg[2]/C
Low Pulse Width   Slow    FDRE/C   n/a            0.500         5.000       4.500      SLICE_X1Y4     u_selftest/fail_r_reg/C
Low Pulse Width   Fast    FDRE/C   n/a            0.500         5.000       4.500      SLICE_X1Y4     u_selftest/fail_r_reg/C
Low Pulse Width   Slow    FDRE/C   n/a            0.500         5.000       4.500      SLICE_X0Y3     u_selftest/hb_reg[0]/C
Low Pulse Width   Fast    FDRE/C   n/a            0.500         5.000       4.500      SLICE_X0Y3     u_selftest/hb_reg[0]/C
High Pulse Width  Slow    FDRE/C   n/a            0.500         5.000       4.500      SLICE_X2Y9     u_selftest/FSM_sequential_state_reg[0]/C
High Pulse Width  Fast    FDRE/C   n/a            0.500         5.000       4.500      SLICE_X2Y9     u_selftest/FSM_sequential_state_reg[0]/C
High Pulse Width  Slow    FDRE/C   n/a            0.500         5.000       4.500      SLICE_X2Y9     u_selftest/FSM_sequential_state_reg[1]/C
High Pulse Width  Fast    FDRE/C   n/a            0.500         5.000       4.500      SLICE_X2Y9     u_selftest/FSM_sequential_state_reg[1]/C
High Pulse Width  Slow    FDRE/C   n/a            0.500         5.000       4.500      SLICE_X2Y9     u_selftest/FSM_sequential_state_reg[2]/C
High Pulse Width  Fast    FDRE/C   n/a            0.500         5.000       4.500      SLICE_X2Y9     u_selftest/FSM_sequential_state_reg[2]/C
High Pulse Width  Slow    FDRE/C   n/a            0.500         5.000       4.500      SLICE_X1Y4     u_selftest/fail_r_reg/C
High Pulse Width  Fast    FDRE/C   n/a            0.500         5.000       4.500      SLICE_X1Y4     u_selftest/fail_r_reg/C
High Pulse Width  Slow    FDRE/C   n/a            0.500         5.000       4.500      SLICE_X0Y3     u_selftest/hb_reg[0]/C
High Pulse Width  Fast    FDRE/C   n/a            0.500         5.000       4.500      SLICE_X0Y3     u_selftest/hb_reg[0]/C



--------------------------------------------------------------------------------------
Path Group:  (none)
From Clock:  sys_clk
  To Clock:  

Max Delay             4 Endpoints
Min Delay             4 Endpoints
--------------------------------------------------------------------------------------


Max Delay Paths
--------------------------------------------------------------------------------------
Slack:                    inf
  Source:                 u_selftest/led_done_reg/C
                            (rising edge-triggered cell FDRE clocked by sys_clk  {rise@0.000ns fall@5.000ns period=10.000ns})
  Destination:            led[2]
                            (output port)
  Path Group:             (none)
  Path Type:              Max at Slow Process Corner
  Data Path Delay:        5.967ns  (logic 4.154ns (69.611%)  route 1.813ns (30.389%))
  Logic Levels:           1  (OBUF=1)
  Clock Uncertainty:      0.025ns  ((TSJ^2 + TIJ^2)^1/2 + DJ) / 2 + PE
    Total System Jitter     (TSJ):    0.050ns
    Total Input Jitter      (TIJ):    0.000ns
    Discrete Jitter          (DJ):    0.000ns
    Phase Error              (PE):    0.000ns
  Timing Exception:       False Path

    Location             Delay type                Incr(ns)  Path(ns)    Netlist Resource(s)
  -------------------------------------------------------------------    -------------------
                         (clock sys_clk rise edge)    0.000     0.000 r  
    U7                                                0.000     0.000 r  clk_pin (IN)
                         net (fo=0)                   0.000     0.000    clk_pin
    U7                   IBUF (Prop_ibuf_I_O)         1.573     1.573 r  clk_pin_IBUF_inst/O
                         net (fo=1, routed)           2.171     3.744    clk_pin_IBUF
    BUFGCTRL_X0Y0        BUFG (Prop_bufg_I_O)         0.101     3.845 r  u_bufg/O
                         net (fo=86, routed)          1.835     5.680    u_selftest/clk
    SLICE_X1Y5           FDRE                                         r  u_selftest/led_done_reg/C
  -------------------------------------------------------------------    -------------------
    SLICE_X1Y5           FDRE (Prop_fdre_C_Q)         0.419     6.099 r  u_selftest/led_done_reg/Q
                         net (fo=1, routed)           1.813     7.913    led_OBUF[2]
    V10                  OBUF (Prop_obuf_I_O)         3.735    11.647 r  led_OBUF[2]_inst/O
                         net (fo=0)                   0.000    11.647    led[2]
    V10                                                               r  led[2] (OUT)
  -------------------------------------------------------------------    -------------------

Slack:                    inf
  Source:                 u_selftest/hb_reg[25]/C
                            (rising edge-triggered cell FDRE clocked by sys_clk  {rise@0.000ns fall@5.000ns period=10.000ns})
  Destination:            led[3]
                            (output port)
  Path Group:             (none)
  Path Type:              Max at Slow Process Corner
  Data Path Delay:        5.779ns  (logic 4.079ns (70.590%)  route 1.700ns (29.410%))
  Logic Levels:           1  (OBUF=1)
  Clock Uncertainty:      0.025ns  ((TSJ^2 + TIJ^2)^1/2 + DJ) / 2 + PE
    Total System Jitter     (TSJ):    0.050ns
    Total Input Jitter      (TIJ):    0.000ns
    Discrete Jitter          (DJ):    0.000ns
    Phase Error              (PE):    0.000ns
  Timing Exception:       False Path

    Location             Delay type                Incr(ns)  Path(ns)    Netlist Resource(s)
  -------------------------------------------------------------------    -------------------
                         (clock sys_clk rise edge)    0.000     0.000 r  
    U7                                                0.000     0.000 r  clk_pin (IN)
                         net (fo=0)                   0.000     0.000    clk_pin
    U7                   IBUF (Prop_ibuf_I_O)         1.573     1.573 r  clk_pin_IBUF_inst/O
                         net (fo=1, routed)           2.171     3.744    clk_pin_IBUF
    BUFGCTRL_X0Y0        BUFG (Prop_bufg_I_O)         0.101     3.845 r  u_bufg/O
                         net (fo=86, routed)          1.833     5.678    u_selftest/clk
    SLICE_X0Y9           FDRE                                         r  u_selftest/hb_reg[25]/C
  -------------------------------------------------------------------    -------------------
    SLICE_X0Y9           FDRE (Prop_fdre_C_Q)         0.518     6.196 r  u_selftest/hb_reg[25]/Q
                         net (fo=2, routed)           1.700     7.896    led_OBUF[3]
    V11                  OBUF (Prop_obuf_I_O)         3.561    11.458 r  led_OBUF[3]_inst/O
                         net (fo=0)                   0.000    11.458    led[3]
    V11                                                               r  led[3] (OUT)
  -------------------------------------------------------------------    -------------------

Slack:                    inf
  Source:                 u_selftest/led_fail_reg/C
                            (rising edge-triggered cell FDRE clocked by sys_clk  {rise@0.000ns fall@5.000ns period=10.000ns})
  Destination:            led[1]
                            (output port)
  Path Group:             (none)
  Path Type:              Max at Slow Process Corner
  Data Path Delay:        5.651ns  (logic 3.976ns (70.369%)  route 1.674ns (29.631%))
  Logic Levels:           1  (OBUF=1)
  Clock Uncertainty:      0.025ns  ((TSJ^2 + TIJ^2)^1/2 + DJ) / 2 + PE
    Total System Jitter     (TSJ):    0.050ns
    Total Input Jitter      (TIJ):    0.000ns
    Discrete Jitter          (DJ):    0.000ns
    Phase Error              (PE):    0.000ns
  Timing Exception:       False Path

    Location             Delay type                Incr(ns)  Path(ns)    Netlist Resource(s)
  -------------------------------------------------------------------    -------------------
                         (clock sys_clk rise edge)    0.000     0.000 r  
    U7                                                0.000     0.000 r  clk_pin (IN)
                         net (fo=0)                   0.000     0.000    clk_pin
    U7                   IBUF (Prop_ibuf_I_O)         1.573     1.573 r  clk_pin_IBUF_inst/O
                         net (fo=1, routed)           2.171     3.744    clk_pin_IBUF
    BUFGCTRL_X0Y0        BUFG (Prop_bufg_I_O)         0.101     3.845 r  u_bufg/O
                         net (fo=86, routed)          1.835     5.680    u_selftest/clk
    SLICE_X1Y5           FDRE                                         r  u_selftest/led_fail_reg/C
  -------------------------------------------------------------------    -------------------
    SLICE_X1Y5           FDRE (Prop_fdre_C_Q)         0.456     6.136 r  u_selftest/led_fail_reg/Q
                         net (fo=1, routed)           1.674     7.811    led_OBUF[1]
    V6                   OBUF (Prop_obuf_I_O)         3.520    11.331 r  led_OBUF[1]_inst/O
                         net (fo=0)                   0.000    11.331    led[1]
    V6                                                                r  led[1] (OUT)
  -------------------------------------------------------------------    -------------------

Slack:                    inf
  Source:                 u_selftest/led_pass_reg/C
                            (rising edge-triggered cell FDRE clocked by sys_clk  {rise@0.000ns fall@5.000ns period=10.000ns})
  Destination:            led[0]
                            (output port)
  Path Group:             (none)
  Path Type:              Max at Slow Process Corner
  Data Path Delay:        5.511ns  (logic 3.982ns (72.246%)  route 1.530ns (27.754%))
  Logic Levels:           1  (OBUF=1)
  Clock Uncertainty:      0.025ns  ((TSJ^2 + TIJ^2)^1/2 + DJ) / 2 + PE
    Total System Jitter     (TSJ):    0.050ns
    Total Input Jitter      (TIJ):    0.000ns
    Discrete Jitter          (DJ):    0.000ns
    Phase Error              (PE):    0.000ns
  Timing Exception:       False Path

    Location             Delay type                Incr(ns)  Path(ns)    Netlist Resource(s)
  -------------------------------------------------------------------    -------------------
                         (clock sys_clk rise edge)    0.000     0.000 r  
    U7                                                0.000     0.000 r  clk_pin (IN)
                         net (fo=0)                   0.000     0.000    clk_pin
    U7                   IBUF (Prop_ibuf_I_O)         1.573     1.573 r  clk_pin_IBUF_inst/O
                         net (fo=1, routed)           2.171     3.744    clk_pin_IBUF
    BUFGCTRL_X0Y0        BUFG (Prop_bufg_I_O)         0.101     3.845 r  u_bufg/O
                         net (fo=86, routed)          1.835     5.680    u_selftest/clk
    SLICE_X1Y5           FDRE                                         r  u_selftest/led_pass_reg/C
  -------------------------------------------------------------------    -------------------
    SLICE_X1Y5           FDRE (Prop_fdre_C_Q)         0.456     6.136 r  u_selftest/led_pass_reg/Q
                         net (fo=1, routed)           1.530     7.666    led_OBUF[0]
    W6                   OBUF (Prop_obuf_I_O)         3.526    11.192 r  led_OBUF[0]_inst/O
                         net (fo=0)                   0.000    11.192    led[0]
    W6                                                                r  led[0] (OUT)
  -------------------------------------------------------------------    -------------------





Min Delay Paths
--------------------------------------------------------------------------------------
Slack:                    inf
  Source:                 u_selftest/led_pass_reg/C
                            (rising edge-triggered cell FDRE clocked by sys_clk  {rise@0.000ns fall@5.000ns period=10.000ns})
  Destination:            led[0]
                            (output port)
  Path Group:             (none)
  Path Type:              Min at Fast Process Corner
  Data Path Delay:        1.650ns  (logic 1.367ns (82.877%)  route 0.283ns (17.123%))
  Logic Levels:           1  (OBUF=1)
  Clock Uncertainty:      0.025ns  ((TSJ^2 + TIJ^2)^1/2 + DJ) / 2 + PE
    Total System Jitter     (TSJ):    0.050ns
    Total Input Jitter      (TIJ):    0.000ns
    Discrete Jitter          (DJ):    0.000ns
    Phase Error              (PE):    0.000ns
  Timing Exception:       False Path

    Location             Delay type                Incr(ns)  Path(ns)    Netlist Resource(s)
  -------------------------------------------------------------------    -------------------
                         (clock sys_clk rise edge)    0.000     0.000 r  
    U7                                                0.000     0.000 r  clk_pin (IN)
                         net (fo=0)                   0.000     0.000    clk_pin
    U7                   IBUF (Prop_ibuf_I_O)         0.340     0.340 r  clk_pin_IBUF_inst/O
                         net (fo=1, routed)           0.663     1.003    clk_pin_IBUF
    BUFGCTRL_X0Y0        BUFG (Prop_bufg_I_O)         0.026     1.029 r  u_bufg/O
                         net (fo=86, routed)          0.623     1.652    u_selftest/clk
    SLICE_X1Y5           FDRE                                         r  u_selftest/led_pass_reg/C
  -------------------------------------------------------------------    -------------------
    SLICE_X1Y5           FDRE (Prop_fdre_C_Q)         0.141     1.793 r  u_selftest/led_pass_reg/Q
                         net (fo=1, routed)           0.283     2.076    led_OBUF[0]
    W6                   OBUF (Prop_obuf_I_O)         1.226     3.302 r  led_OBUF[0]_inst/O
                         net (fo=0)                   0.000     3.302    led[0]
    W6                                                                r  led[0] (OUT)
  -------------------------------------------------------------------    -------------------

Slack:                    inf
  Source:                 u_selftest/led_fail_reg/C
                            (rising edge-triggered cell FDRE clocked by sys_clk  {rise@0.000ns fall@5.000ns period=10.000ns})
  Destination:            led[1]
                            (output port)
  Path Group:             (none)
  Path Type:              Min at Fast Process Corner
  Data Path Delay:        1.688ns  (logic 1.362ns (80.723%)  route 0.325ns (19.277%))
  Logic Levels:           1  (OBUF=1)
  Clock Uncertainty:      0.025ns  ((TSJ^2 + TIJ^2)^1/2 + DJ) / 2 + PE
    Total System Jitter     (TSJ):    0.050ns
    Total Input Jitter      (TIJ):    0.000ns
    Discrete Jitter          (DJ):    0.000ns
    Phase Error              (PE):    0.000ns
  Timing Exception:       False Path

    Location             Delay type                Incr(ns)  Path(ns)    Netlist Resource(s)
  -------------------------------------------------------------------    -------------------
                         (clock sys_clk rise edge)    0.000     0.000 r  
    U7                                                0.000     0.000 r  clk_pin (IN)
                         net (fo=0)                   0.000     0.000    clk_pin
    U7                   IBUF (Prop_ibuf_I_O)         0.340     0.340 r  clk_pin_IBUF_inst/O
                         net (fo=1, routed)           0.663     1.003    clk_pin_IBUF
    BUFGCTRL_X0Y0        BUFG (Prop_bufg_I_O)         0.026     1.029 r  u_bufg/O
                         net (fo=86, routed)          0.623     1.652    u_selftest/clk
    SLICE_X1Y5           FDRE                                         r  u_selftest/led_fail_reg/C
  -------------------------------------------------------------------    -------------------
    SLICE_X1Y5           FDRE (Prop_fdre_C_Q)         0.141     1.793 r  u_selftest/led_fail_reg/Q
                         net (fo=1, routed)           0.325     2.118    led_OBUF[1]
    V6                   OBUF (Prop_obuf_I_O)         1.221     3.340 r  led_OBUF[1]_inst/O
                         net (fo=0)                   0.000     3.340    led[1]
    V6                                                                r  led[1] (OUT)
  -------------------------------------------------------------------    -------------------

Slack:                    inf
  Source:                 u_selftest/hb_reg[25]/C
                            (rising edge-triggered cell FDRE clocked by sys_clk  {rise@0.000ns fall@5.000ns period=10.000ns})
  Destination:            led[3]
                            (output port)
  Path Group:             (none)
  Path Type:              Min at Fast Process Corner
  Data Path Delay:        1.780ns  (logic 1.426ns (80.130%)  route 0.354ns (19.870%))
  Logic Levels:           1  (OBUF=1)
  Clock Uncertainty:      0.025ns  ((TSJ^2 + TIJ^2)^1/2 + DJ) / 2 + PE
    Total System Jitter     (TSJ):    0.050ns
    Total Input Jitter      (TIJ):    0.000ns
    Discrete Jitter          (DJ):    0.000ns
    Phase Error              (PE):    0.000ns
  Timing Exception:       False Path

    Location             Delay type                Incr(ns)  Path(ns)    Netlist Resource(s)
  -------------------------------------------------------------------    -------------------
                         (clock sys_clk rise edge)    0.000     0.000 r  
    U7                                                0.000     0.000 r  clk_pin (IN)
                         net (fo=0)                   0.000     0.000    clk_pin
    U7                   IBUF (Prop_ibuf_I_O)         0.340     0.340 r  clk_pin_IBUF_inst/O
                         net (fo=1, routed)           0.663     1.003    clk_pin_IBUF
    BUFGCTRL_X0Y0        BUFG (Prop_bufg_I_O)         0.026     1.029 r  u_bufg/O
                         net (fo=86, routed)          0.622     1.651    u_selftest/clk
    SLICE_X0Y9           FDRE                                         r  u_selftest/hb_reg[25]/C
  -------------------------------------------------------------------    -------------------
    SLICE_X0Y9           FDRE (Prop_fdre_C_Q)         0.164     1.815 r  u_selftest/hb_reg[25]/Q
                         net (fo=2, routed)           0.354     2.169    led_OBUF[3]
    V11                  OBUF (Prop_obuf_I_O)         1.262     3.431 r  led_OBUF[3]_inst/O
                         net (fo=0)                   0.000     3.431    led[3]
    V11                                                               r  led[3] (OUT)
  -------------------------------------------------------------------    -------------------

Slack:                    inf
  Source:                 u_selftest/led_done_reg/C
                            (rising edge-triggered cell FDRE clocked by sys_clk  {rise@0.000ns fall@5.000ns period=10.000ns})
  Destination:            led[2]
                            (output port)
  Path Group:             (none)
  Path Type:              Min at Fast Process Corner
  Data Path Delay:        1.836ns  (logic 1.442ns (78.531%)  route 0.394ns (21.469%))
  Logic Levels:           1  (OBUF=1)
  Clock Uncertainty:      0.025ns  ((TSJ^2 + TIJ^2)^1/2 + DJ) / 2 + PE
    Total System Jitter     (TSJ):    0.050ns
    Total Input Jitter      (TIJ):    0.000ns
    Discrete Jitter          (DJ):    0.000ns
    Phase Error              (PE):    0.000ns
  Timing Exception:       False Path

    Location             Delay type                Incr(ns)  Path(ns)    Netlist Resource(s)
  -------------------------------------------------------------------    -------------------
                         (clock sys_clk rise edge)    0.000     0.000 r  
    U7                                                0.000     0.000 r  clk_pin (IN)
                         net (fo=0)                   0.000     0.000    clk_pin
    U7                   IBUF (Prop_ibuf_I_O)         0.340     0.340 r  clk_pin_IBUF_inst/O
                         net (fo=1, routed)           0.663     1.003    clk_pin_IBUF
    BUFGCTRL_X0Y0        BUFG (Prop_bufg_I_O)         0.026     1.029 r  u_bufg/O
                         net (fo=86, routed)          0.623     1.652    u_selftest/clk
    SLICE_X1Y5           FDRE                                         r  u_selftest/led_done_reg/C
  -------------------------------------------------------------------    -------------------
    SLICE_X1Y5           FDRE (Prop_fdre_C_Q)         0.128     1.780 r  u_selftest/led_done_reg/Q
                         net (fo=1, routed)           0.394     2.174    led_OBUF[2]
    V10                  OBUF (Prop_obuf_I_O)         1.314     3.488 r  led_OBUF[2]_inst/O
                         net (fo=0)                   0.000     3.488    led[2]
    V10                                                               r  led[2] (OUT)
  -------------------------------------------------------------------    -------------------





--------------------------------------------------------------------------------------
Path Group:  (none)
From Clock:  
  To Clock:  sys_clk

Max Delay            86 Endpoints
Min Delay            86 Endpoints
--------------------------------------------------------------------------------------


Max Delay Paths
--------------------------------------------------------------------------------------
Slack:                    inf
  Source:                 rst_pin
                            (input port)
  Destination:            u_selftest/hb_reg[0]/R
                            (rising edge-triggered cell FDRE clocked by sys_clk  {rise@0.000ns fall@5.000ns period=10.000ns})
  Path Group:             (none)
  Path Type:              Setup (Max at Slow Process Corner)
  Data Path Delay:        3.258ns  (logic 1.548ns (47.530%)  route 1.709ns (52.470%))
  Logic Levels:           1  (IBUF=1)
  Clock Path Skew:        5.221ns (DCD - SCD + CPR)
    Destination Clock Delay (DCD):    5.221ns
    Source Clock Delay      (SCD):    0.000ns
    Clock Pessimism Removal (CPR):    0.000ns
  Clock Uncertainty:      0.025ns  ((TSJ^2 + TIJ^2)^1/2 + DJ) / 2 + PE
    Total System Jitter     (TSJ):    0.050ns
    Total Input Jitter      (TIJ):    0.000ns
    Discrete Jitter          (DJ):    0.000ns
    Phase Error              (PE):    0.000ns
  Timing Exception:       False Path

    Location             Delay type                Incr(ns)  Path(ns)    Netlist Resource(s)
  -------------------------------------------------------------------    -------------------
    Y13                                               0.000     0.000 r  rst_pin (IN)
                         net (fo=0)                   0.000     0.000    rst_pin
    Y13                  IBUF (Prop_ibuf_I_O)         1.548     1.548 r  rst_pin_IBUF_inst/O
                         net (fo=86, routed)          1.709     3.258    u_selftest/SR[0]
    SLICE_X0Y3           FDRE                                         r  u_selftest/hb_reg[0]/R
  -------------------------------------------------------------------    -------------------

                         (clock sys_clk rise edge)    0.000     0.000 r  
    U7                                                0.000     0.000 r  clk_pin (IN)
                         net (fo=0)                   0.000     0.000    clk_pin
    U7                   IBUF (Prop_ibuf_I_O)         1.502     1.502 r  clk_pin_IBUF_inst/O
                         net (fo=1, routed)           1.972     3.474    clk_pin_IBUF
    BUFGCTRL_X0Y0        BUFG (Prop_bufg_I_O)         0.091     3.565 r  u_bufg/O
                         net (fo=86, routed)          1.656     5.221    u_selftest/clk
    SLICE_X0Y3           FDRE                                         r  u_selftest/hb_reg[0]/C

Slack:                    inf
  Source:                 rst_pin
                            (input port)
  Destination:            u_selftest/hb_reg[1]/R
                            (rising edge-triggered cell FDRE clocked by sys_clk  {rise@0.000ns fall@5.000ns period=10.000ns})
  Path Group:             (none)
  Path Type:              Setup (Max at Slow Process Corner)
  Data Path Delay:        3.258ns  (logic 1.548ns (47.530%)  route 1.709ns (52.470%))
  Logic Levels:           1  (IBUF=1)
  Clock Path Skew:        5.221ns (DCD - SCD + CPR)
    Destination Clock Delay (DCD):    5.221ns
    Source Clock Delay      (SCD):    0.000ns
    Clock Pessimism Removal (CPR):    0.000ns
  Clock Uncertainty:      0.025ns  ((TSJ^2 + TIJ^2)^1/2 + DJ) / 2 + PE
    Total System Jitter     (TSJ):    0.050ns
    Total Input Jitter      (TIJ):    0.000ns
    Discrete Jitter          (DJ):    0.000ns
    Phase Error              (PE):    0.000ns
  Timing Exception:       False Path

    Location             Delay type                Incr(ns)  Path(ns)    Netlist Resource(s)
  -------------------------------------------------------------------    -------------------
    Y13                                               0.000     0.000 r  rst_pin (IN)
                         net (fo=0)                   0.000     0.000    rst_pin
    Y13                  IBUF (Prop_ibuf_I_O)         1.548     1.548 r  rst_pin_IBUF_inst/O
                         net (fo=86, routed)          1.709     3.258    u_selftest/SR[0]
    SLICE_X0Y3           FDRE                                         r  u_selftest/hb_reg[1]/R
  -------------------------------------------------------------------    -------------------

                         (clock sys_clk rise edge)    0.000     0.000 r  
    U7                                                0.000     0.000 r  clk_pin (IN)
                         net (fo=0)                   0.000     0.000    clk_pin
    U7                   IBUF (Prop_ibuf_I_O)         1.502     1.502 r  clk_pin_IBUF_inst/O
                         net (fo=1, routed)           1.972     3.474    clk_pin_IBUF
    BUFGCTRL_X0Y0        BUFG (Prop_bufg_I_O)         0.091     3.565 r  u_bufg/O
                         net (fo=86, routed)          1.656     5.221    u_selftest/clk
    SLICE_X0Y3           FDRE                                         r  u_selftest/hb_reg[1]/C

Slack:                    inf
  Source:                 rst_pin
                            (input port)
  Destination:            u_selftest/hb_reg[2]/R
                            (rising edge-triggered cell FDRE clocked by sys_clk  {rise@0.000ns fall@5.000ns period=10.000ns})
  Path Group:             (none)
  Path Type:              Setup (Max at Slow Process Corner)
  Data Path Delay:        3.258ns  (logic 1.548ns (47.530%)  route 1.709ns (52.470%))
  Logic Levels:           1  (IBUF=1)
  Clock Path Skew:        5.221ns (DCD - SCD + CPR)
    Destination Clock Delay (DCD):    5.221ns
    Source Clock Delay      (SCD):    0.000ns
    Clock Pessimism Removal (CPR):    0.000ns
  Clock Uncertainty:      0.025ns  ((TSJ^2 + TIJ^2)^1/2 + DJ) / 2 + PE
    Total System Jitter     (TSJ):    0.050ns
    Total Input Jitter      (TIJ):    0.000ns
    Discrete Jitter          (DJ):    0.000ns
    Phase Error              (PE):    0.000ns
  Timing Exception:       False Path

    Location             Delay type                Incr(ns)  Path(ns)    Netlist Resource(s)
  -------------------------------------------------------------------    -------------------
    Y13                                               0.000     0.000 r  rst_pin (IN)
                         net (fo=0)                   0.000     0.000    rst_pin
    Y13                  IBUF (Prop_ibuf_I_O)         1.548     1.548 r  rst_pin_IBUF_inst/O
                         net (fo=86, routed)          1.709     3.258    u_selftest/SR[0]
    SLICE_X0Y3           FDRE                                         r  u_selftest/hb_reg[2]/R
  -------------------------------------------------------------------    -------------------

                         (clock sys_clk rise edge)    0.000     0.000 r  
    U7                                                0.000     0.000 r  clk_pin (IN)
                         net (fo=0)                   0.000     0.000    clk_pin
    U7                   IBUF (Prop_ibuf_I_O)         1.502     1.502 r  clk_pin_IBUF_inst/O
                         net (fo=1, routed)           1.972     3.474    clk_pin_IBUF
    BUFGCTRL_X0Y0        BUFG (Prop_bufg_I_O)         0.091     3.565 r  u_bufg/O
                         net (fo=86, routed)          1.656     5.221    u_selftest/clk
    SLICE_X0Y3           FDRE                                         r  u_selftest/hb_reg[2]/C

Slack:                    inf
  Source:                 rst_pin
                            (input port)
  Destination:            u_selftest/hb_reg[3]/R
                            (rising edge-triggered cell FDRE clocked by sys_clk  {rise@0.000ns fall@5.000ns period=10.000ns})
  Path Group:             (none)
  Path Type:              Setup (Max at Slow Process Corner)
  Data Path Delay:        3.258ns  (logic 1.548ns (47.530%)  route 1.709ns (52.470%))
  Logic Levels:           1  (IBUF=1)
  Clock Path Skew:        5.221ns (DCD - SCD + CPR)
    Destination Clock Delay (DCD):    5.221ns
    Source Clock Delay      (SCD):    0.000ns
    Clock Pessimism Removal (CPR):    0.000ns
  Clock Uncertainty:      0.025ns  ((TSJ^2 + TIJ^2)^1/2 + DJ) / 2 + PE
    Total System Jitter     (TSJ):    0.050ns
    Total Input Jitter      (TIJ):    0.000ns
    Discrete Jitter          (DJ):    0.000ns
    Phase Error              (PE):    0.000ns
  Timing Exception:       False Path

    Location             Delay type                Incr(ns)  Path(ns)    Netlist Resource(s)
  -------------------------------------------------------------------    -------------------
    Y13                                               0.000     0.000 r  rst_pin (IN)
                         net (fo=0)                   0.000     0.000    rst_pin
    Y13                  IBUF (Prop_ibuf_I_O)         1.548     1.548 r  rst_pin_IBUF_inst/O
                         net (fo=86, routed)          1.709     3.258    u_selftest/SR[0]
    SLICE_X0Y3           FDRE                                         r  u_selftest/hb_reg[3]/R
  -------------------------------------------------------------------    -------------------

                         (clock sys_clk rise edge)    0.000     0.000 r  
    U7                                                0.000     0.000 r  clk_pin (IN)
                         net (fo=0)                   0.000     0.000    clk_pin
    U7                   IBUF (Prop_ibuf_I_O)         1.502     1.502 r  clk_pin_IBUF_inst/O
                         net (fo=1, routed)           1.972     3.474    clk_pin_IBUF
    BUFGCTRL_X0Y0        BUFG (Prop_bufg_I_O)         0.091     3.565 r  u_bufg/O
                         net (fo=86, routed)          1.656     5.221    u_selftest/clk
    SLICE_X0Y3           FDRE                                         r  u_selftest/hb_reg[3]/C

Slack:                    inf
  Source:                 rst_pin
                            (input port)
  Destination:            u_selftest/oidx_reg[6]/R
                            (rising edge-triggered cell FDRE clocked by sys_clk  {rise@0.000ns fall@5.000ns period=10.000ns})
  Path Group:             (none)
  Path Type:              Setup (Max at Slow Process Corner)
  Data Path Delay:        3.258ns  (logic 1.548ns (47.530%)  route 1.709ns (52.470%))
  Logic Levels:           1  (IBUF=1)
  Clock Path Skew:        5.221ns (DCD - SCD + CPR)
    Destination Clock Delay (DCD):    5.221ns
    Source Clock Delay      (SCD):    0.000ns
    Clock Pessimism Removal (CPR):    0.000ns
  Clock Uncertainty:      0.025ns  ((TSJ^2 + TIJ^2)^1/2 + DJ) / 2 + PE
    Total System Jitter     (TSJ):    0.050ns
    Total Input Jitter      (TIJ):    0.000ns
    Discrete Jitter          (DJ):    0.000ns
    Phase Error              (PE):    0.000ns
  Timing Exception:       False Path

    Location             Delay type                Incr(ns)  Path(ns)    Netlist Resource(s)
  -------------------------------------------------------------------    -------------------
    Y13                                               0.000     0.000 r  rst_pin (IN)
                         net (fo=0)                   0.000     0.000    rst_pin
    Y13                  IBUF (Prop_ibuf_I_O)         1.548     1.548 r  rst_pin_IBUF_inst/O
                         net (fo=86, routed)          1.709     3.258    u_selftest/SR[0]
    SLICE_X1Y3           FDRE                                         r  u_selftest/oidx_reg[6]/R
  -------------------------------------------------------------------    -------------------

                         (clock sys_clk rise edge)    0.000     0.000 r  
    U7                                                0.000     0.000 r  clk_pin (IN)
                         net (fo=0)                   0.000     0.000    clk_pin
    U7                   IBUF (Prop_ibuf_I_O)         1.502     1.502 r  clk_pin_IBUF_inst/O
                         net (fo=1, routed)           1.972     3.474    clk_pin_IBUF
    BUFGCTRL_X0Y0        BUFG (Prop_bufg_I_O)         0.091     3.565 r  u_bufg/O
                         net (fo=86, routed)          1.656     5.221    u_selftest/clk
    SLICE_X1Y3           FDRE                                         r  u_selftest/oidx_reg[6]/C

Slack:                    inf
  Source:                 rst_pin
                            (input port)
  Destination:            u_selftest/oidx_reg[7]/R
                            (rising edge-triggered cell FDRE clocked by sys_clk  {rise@0.000ns fall@5.000ns period=10.000ns})
  Path Group:             (none)
  Path Type:              Setup (Max at Slow Process Corner)
  Data Path Delay:        3.258ns  (logic 1.548ns (47.530%)  route 1.709ns (52.470%))
  Logic Levels:           1  (IBUF=1)
  Clock Path Skew:        5.221ns (DCD - SCD + CPR)
    Destination Clock Delay (DCD):    5.221ns
    Source Clock Delay      (SCD):    0.000ns
    Clock Pessimism Removal (CPR):    0.000ns
  Clock Uncertainty:      0.025ns  ((TSJ^2 + TIJ^2)^1/2 + DJ) / 2 + PE
    Total System Jitter     (TSJ):    0.050ns
    Total Input Jitter      (TIJ):    0.000ns
    Discrete Jitter          (DJ):    0.000ns
    Phase Error              (PE):    0.000ns
  Timing Exception:       False Path

    Location             Delay type                Incr(ns)  Path(ns)    Netlist Resource(s)
  -------------------------------------------------------------------    -------------------
    Y13                                               0.000     0.000 r  rst_pin (IN)
                         net (fo=0)                   0.000     0.000    rst_pin
    Y13                  IBUF (Prop_ibuf_I_O)         1.548     1.548 r  rst_pin_IBUF_inst/O
                         net (fo=86, routed)          1.709     3.258    u_selftest/SR[0]
    SLICE_X1Y3           FDRE                                         r  u_selftest/oidx_reg[7]/R
  -------------------------------------------------------------------    -------------------

                         (clock sys_clk rise edge)    0.000     0.000 r  
    U7                                                0.000     0.000 r  clk_pin (IN)
                         net (fo=0)                   0.000     0.000    clk_pin
    U7                   IBUF (Prop_ibuf_I_O)         1.502     1.502 r  clk_pin_IBUF_inst/O
                         net (fo=1, routed)           1.972     3.474    clk_pin_IBUF
    BUFGCTRL_X0Y0        BUFG (Prop_bufg_I_O)         0.091     3.565 r  u_bufg/O
                         net (fo=86, routed)          1.656     5.221    u_selftest/clk
    SLICE_X1Y3           FDRE                                         r  u_selftest/oidx_reg[7]/C

Slack:                    inf
  Source:                 rst_pin
                            (input port)
  Destination:            u_selftest/oidx_reg[8]/R
                            (rising edge-triggered cell FDRE clocked by sys_clk  {rise@0.000ns fall@5.000ns period=10.000ns})
  Path Group:             (none)
  Path Type:              Setup (Max at Slow Process Corner)
  Data Path Delay:        3.258ns  (logic 1.548ns (47.530%)  route 1.709ns (52.470%))
  Logic Levels:           1  (IBUF=1)
  Clock Path Skew:        5.221ns (DCD - SCD + CPR)
    Destination Clock Delay (DCD):    5.221ns
    Source Clock Delay      (SCD):    0.000ns
    Clock Pessimism Removal (CPR):    0.000ns
  Clock Uncertainty:      0.025ns  ((TSJ^2 + TIJ^2)^1/2 + DJ) / 2 + PE
    Total System Jitter     (TSJ):    0.050ns
    Total Input Jitter      (TIJ):    0.000ns
    Discrete Jitter          (DJ):    0.000ns
    Phase Error              (PE):    0.000ns
  Timing Exception:       False Path

    Location             Delay type                Incr(ns)  Path(ns)    Netlist Resource(s)
  -------------------------------------------------------------------    -------------------
    Y13                                               0.000     0.000 r  rst_pin (IN)
                         net (fo=0)                   0.000     0.000    rst_pin
    Y13                  IBUF (Prop_ibuf_I_O)         1.548     1.548 r  rst_pin_IBUF_inst/O
                         net (fo=86, routed)          1.709     3.258    u_selftest/SR[0]
    SLICE_X1Y3           FDRE                                         r  u_selftest/oidx_reg[8]/R
  -------------------------------------------------------------------    -------------------

                         (clock sys_clk rise edge)    0.000     0.000 r  
    U7                                                0.000     0.000 r  clk_pin (IN)
                         net (fo=0)                   0.000     0.000    clk_pin
    U7                   IBUF (Prop_ibuf_I_O)         1.502     1.502 r  clk_pin_IBUF_inst/O
                         net (fo=1, routed)           1.972     3.474    clk_pin_IBUF
    BUFGCTRL_X0Y0        BUFG (Prop_bufg_I_O)         0.091     3.565 r  u_bufg/O
                         net (fo=86, routed)          1.656     5.221    u_selftest/clk
    SLICE_X1Y3           FDRE                                         r  u_selftest/oidx_reg[8]/C

Slack:                    inf
  Source:                 rst_pin
                            (input port)
  Destination:            u_selftest/oidx_reg[9]/R
                            (rising edge-triggered cell FDRE clocked by sys_clk  {rise@0.000ns fall@5.000ns period=10.000ns})
  Path Group:             (none)
  Path Type:              Setup (Max at Slow Process Corner)
  Data Path Delay:        3.258ns  (logic 1.548ns (47.530%)  route 1.709ns (52.470%))
  Logic Levels:           1  (IBUF=1)
  Clock Path Skew:        5.221ns (DCD - SCD + CPR)
    Destination Clock Delay (DCD):    5.221ns
    Source Clock Delay      (SCD):    0.000ns
    Clock Pessimism Removal (CPR):    0.000ns
  Clock Uncertainty:      0.025ns  ((TSJ^2 + TIJ^2)^1/2 + DJ) / 2 + PE
    Total System Jitter     (TSJ):    0.050ns
    Total Input Jitter      (TIJ):    0.000ns
    Discrete Jitter          (DJ):    0.000ns
    Phase Error              (PE):    0.000ns
  Timing Exception:       False Path

    Location             Delay type                Incr(ns)  Path(ns)    Netlist Resource(s)
  -------------------------------------------------------------------    -------------------
    Y13                                               0.000     0.000 r  rst_pin (IN)
                         net (fo=0)                   0.000     0.000    rst_pin
    Y13                  IBUF (Prop_ibuf_I_O)         1.548     1.548 r  rst_pin_IBUF_inst/O
                         net (fo=86, routed)          1.709     3.258    u_selftest/SR[0]
    SLICE_X1Y3           FDRE                                         r  u_selftest/oidx_reg[9]/R
  -------------------------------------------------------------------    -------------------

                         (clock sys_clk rise edge)    0.000     0.000 r  
    U7                                                0.000     0.000 r  clk_pin (IN)
                         net (fo=0)                   0.000     0.000    clk_pin
    U7                   IBUF (Prop_ibuf_I_O)         1.502     1.502 r  clk_pin_IBUF_inst/O
                         net (fo=1, routed)           1.972     3.474    clk_pin_IBUF
    BUFGCTRL_X0Y0        BUFG (Prop_bufg_I_O)         0.091     3.565 r  u_bufg/O
                         net (fo=86, routed)          1.656     5.221    u_selftest/clk
    SLICE_X1Y3           FDRE                                         r  u_selftest/oidx_reg[9]/C

Slack:                    inf
  Source:                 rst_pin
                            (input port)
  Destination:            u_selftest/u_dut/u_mac/v3_reg/R
                            (rising edge-triggered cell FDRE clocked by sys_clk  {rise@0.000ns fall@5.000ns period=10.000ns})
  Path Group:             (none)
  Path Type:              Setup (Max at Slow Process Corner)
  Data Path Delay:        3.258ns  (logic 1.548ns (47.530%)  route 1.709ns (52.470%))
  Logic Levels:           1  (IBUF=1)
  Clock Path Skew:        5.221ns (DCD - SCD + CPR)
    Destination Clock Delay (DCD):    5.221ns
    Source Clock Delay      (SCD):    0.000ns
    Clock Pessimism Removal (CPR):    0.000ns
  Clock Uncertainty:      0.025ns  ((TSJ^2 + TIJ^2)^1/2 + DJ) / 2 + PE
    Total System Jitter     (TSJ):    0.050ns
    Total Input Jitter      (TIJ):    0.000ns
    Discrete Jitter          (DJ):    0.000ns
    Phase Error              (PE):    0.000ns
  Timing Exception:       False Path

    Location             Delay type                Incr(ns)  Path(ns)    Netlist Resource(s)
  -------------------------------------------------------------------    -------------------
    Y13                                               0.000     0.000 r  rst_pin (IN)
                         net (fo=0)                   0.000     0.000    rst_pin
    Y13                  IBUF (Prop_ibuf_I_O)         1.548     1.548 r  rst_pin_IBUF_inst/O
                         net (fo=86, routed)          1.709     3.258    u_selftest/u_dut/u_mac/SR[0]
    SLICE_X0Y3           FDRE                                         r  u_selftest/u_dut/u_mac/v3_reg/R
  -------------------------------------------------------------------    -------------------

                         (clock sys_clk rise edge)    0.000     0.000 r  
    U7                                                0.000     0.000 r  clk_pin (IN)
                         net (fo=0)                   0.000     0.000    clk_pin
    U7                   IBUF (Prop_ibuf_I_O)         1.502     1.502 r  clk_pin_IBUF_inst/O
                         net (fo=1, routed)           1.972     3.474    clk_pin_IBUF
    BUFGCTRL_X0Y0        BUFG (Prop_bufg_I_O)         0.091     3.565 r  u_bufg/O
                         net (fo=86, routed)          1.656     5.221    u_selftest/u_dut/u_mac/clk
    SLICE_X0Y3           FDRE                                         r  u_selftest/u_dut/u_mac/v3_reg/C

Slack:                    inf
  Source:                 rst_pin
                            (input port)
  Destination:            u_selftest/u_dut/u_mac/v4_reg/R
                            (rising edge-triggered cell FDRE clocked by sys_clk  {rise@0.000ns fall@5.000ns period=10.000ns})
  Path Group:             (none)
  Path Type:              Setup (Max at Slow Process Corner)
  Data Path Delay:        3.258ns  (logic 1.548ns (47.530%)  route 1.709ns (52.470%))
  Logic Levels:           1  (IBUF=1)
  Clock Path Skew:        5.221ns (DCD - SCD + CPR)
    Destination Clock Delay (DCD):    5.221ns
    Source Clock Delay      (SCD):    0.000ns
    Clock Pessimism Removal (CPR):    0.000ns
  Clock Uncertainty:      0.025ns  ((TSJ^2 + TIJ^2)^1/2 + DJ) / 2 + PE
    Total System Jitter     (TSJ):    0.050ns
    Total Input Jitter      (TIJ):    0.000ns
    Discrete Jitter          (DJ):    0.000ns
    Phase Error              (PE):    0.000ns
  Timing Exception:       False Path

    Location             Delay type                Incr(ns)  Path(ns)    Netlist Resource(s)
  -------------------------------------------------------------------    -------------------
    Y13                                               0.000     0.000 r  rst_pin (IN)
                         net (fo=0)                   0.000     0.000    rst_pin
    Y13                  IBUF (Prop_ibuf_I_O)         1.548     1.548 r  rst_pin_IBUF_inst/O
                         net (fo=86, routed)          1.709     3.258    u_selftest/u_dut/u_mac/SR[0]
    SLICE_X0Y3           FDRE                                         r  u_selftest/u_dut/u_mac/v4_reg/R
  -------------------------------------------------------------------    -------------------

                         (clock sys_clk rise edge)    0.000     0.000 r  
    U7                                                0.000     0.000 r  clk_pin (IN)
                         net (fo=0)                   0.000     0.000    clk_pin
    U7                   IBUF (Prop_ibuf_I_O)         1.502     1.502 r  clk_pin_IBUF_inst/O
                         net (fo=1, routed)           1.972     3.474    clk_pin_IBUF
    BUFGCTRL_X0Y0        BUFG (Prop_bufg_I_O)         0.091     3.565 r  u_bufg/O
                         net (fo=86, routed)          1.656     5.221    u_selftest/u_dut/u_mac/clk
    SLICE_X0Y3           FDRE                                         r  u_selftest/u_dut/u_mac/v4_reg/C





Min Delay Paths
--------------------------------------------------------------------------------------
Slack:                    inf
  Source:                 rst_pin
                            (input port)
  Destination:            u_selftest/hb_reg[24]/R
                            (rising edge-triggered cell FDRE clocked by sys_clk  {rise@0.000ns fall@5.000ns period=10.000ns})
  Path Group:             (none)
  Path Type:              Hold (Min at Fast Process Corner)
  Data Path Delay:        0.696ns  (logic 0.316ns (45.339%)  route 0.381ns (54.661%))
  Logic Levels:           1  (IBUF=1)
  Clock Path Skew:        2.169ns (DCD - SCD - CPR)
    Destination Clock Delay (DCD):    2.169ns
    Source Clock Delay      (SCD):    0.000ns
    Clock Pessimism Removal (CPR):    -0.000ns
  Timing Exception:       False Path

    Location             Delay type                Incr(ns)  Path(ns)    Netlist Resource(s)
  -------------------------------------------------------------------    -------------------
    Y13                                               0.000     0.000 r  rst_pin (IN)
                         net (fo=0)                   0.000     0.000    rst_pin
    Y13                  IBUF (Prop_ibuf_I_O)         0.316     0.316 r  rst_pin_IBUF_inst/O
                         net (fo=86, routed)          0.381     0.696    u_selftest/SR[0]
    SLICE_X0Y9           FDRE                                         r  u_selftest/hb_reg[24]/R
  -------------------------------------------------------------------    -------------------

                         (clock sys_clk rise edge)    0.000     0.000 r  
    U7                                                0.000     0.000 r  clk_pin (IN)
                         net (fo=0)                   0.000     0.000    clk_pin
    U7                   IBUF (Prop_ibuf_I_O)         0.529     0.529 r  clk_pin_IBUF_inst/O
                         net (fo=1, routed)           0.719     1.248    clk_pin_IBUF
    BUFGCTRL_X0Y0        BUFG (Prop_bufg_I_O)         0.029     1.277 r  u_bufg/O
                         net (fo=86, routed)          0.892     2.169    u_selftest/clk
    SLICE_X0Y9           FDRE                                         r  u_selftest/hb_reg[24]/C

Slack:                    inf
  Source:                 rst_pin
                            (input port)
  Destination:            u_selftest/hb_reg[25]/R
                            (rising edge-triggered cell FDRE clocked by sys_clk  {rise@0.000ns fall@5.000ns period=10.000ns})
  Path Group:             (none)
  Path Type:              Hold (Min at Fast Process Corner)
  Data Path Delay:        0.696ns  (logic 0.316ns (45.339%)  route 0.381ns (54.661%))
  Logic Levels:           1  (IBUF=1)
  Clock Path Skew:        2.169ns (DCD - SCD - CPR)
    Destination Clock Delay (DCD):    2.169ns
    Source Clock Delay      (SCD):    0.000ns
    Clock Pessimism Removal (CPR):    -0.000ns
  Timing Exception:       False Path

    Location             Delay type                Incr(ns)  Path(ns)    Netlist Resource(s)
  -------------------------------------------------------------------    -------------------
    Y13                                               0.000     0.000 r  rst_pin (IN)
                         net (fo=0)                   0.000     0.000    rst_pin
    Y13                  IBUF (Prop_ibuf_I_O)         0.316     0.316 r  rst_pin_IBUF_inst/O
                         net (fo=86, routed)          0.381     0.696    u_selftest/SR[0]
    SLICE_X0Y9           FDRE                                         r  u_selftest/hb_reg[25]/R
  -------------------------------------------------------------------    -------------------

                         (clock sys_clk rise edge)    0.000     0.000 r  
    U7                                                0.000     0.000 r  clk_pin (IN)
                         net (fo=0)                   0.000     0.000    clk_pin
    U7                   IBUF (Prop_ibuf_I_O)         0.529     0.529 r  clk_pin_IBUF_inst/O
                         net (fo=1, routed)           0.719     1.248    clk_pin_IBUF
    BUFGCTRL_X0Y0        BUFG (Prop_bufg_I_O)         0.029     1.277 r  u_bufg/O
                         net (fo=86, routed)          0.892     2.169    u_selftest/clk
    SLICE_X0Y9           FDRE                                         r  u_selftest/hb_reg[25]/C

Slack:                    inf
  Source:                 rst_pin
                            (input port)
  Destination:            u_selftest/pidx_reg[10]/R
                            (rising edge-triggered cell FDRE clocked by sys_clk  {rise@0.000ns fall@5.000ns period=10.000ns})
  Path Group:             (none)
  Path Type:              Hold (Min at Fast Process Corner)
  Data Path Delay:        0.696ns  (logic 0.316ns (45.339%)  route 0.381ns (54.661%))
  Logic Levels:           1  (IBUF=1)
  Clock Path Skew:        2.169ns (DCD - SCD - CPR)
    Destination Clock Delay (DCD):    2.169ns
    Source Clock Delay      (SCD):    0.000ns
    Clock Pessimism Removal (CPR):    -0.000ns
  Timing Exception:       False Path

    Location             Delay type                Incr(ns)  Path(ns)    Netlist Resource(s)
  -------------------------------------------------------------------    -------------------
    Y13                                               0.000     0.000 r  rst_pin (IN)
                         net (fo=0)                   0.000     0.000    rst_pin
    Y13                  IBUF (Prop_ibuf_I_O)         0.316     0.316 r  rst_pin_IBUF_inst/O
                         net (fo=86, routed)          0.381     0.696    u_selftest/SR[0]
    SLICE_X1Y9           FDRE                                         r  u_selftest/pidx_reg[10]/R
  -------------------------------------------------------------------    -------------------

                         (clock sys_clk rise edge)    0.000     0.000 r  
    U7                                                0.000     0.000 r  clk_pin (IN)
                         net (fo=0)                   0.000     0.000    clk_pin
    U7                   IBUF (Prop_ibuf_I_O)         0.529     0.529 r  clk_pin_IBUF_inst/O
                         net (fo=1, routed)           0.719     1.248    clk_pin_IBUF
    BUFGCTRL_X0Y0        BUFG (Prop_bufg_I_O)         0.029     1.277 r  u_bufg/O
                         net (fo=86, routed)          0.892     2.169    u_selftest/clk
    SLICE_X1Y9           FDRE                                         r  u_selftest/pidx_reg[10]/C

Slack:                    inf
  Source:                 rst_pin
                            (input port)
  Destination:            u_selftest/pidx_reg[7]/R
                            (rising edge-triggered cell FDRE clocked by sys_clk  {rise@0.000ns fall@5.000ns period=10.000ns})
  Path Group:             (none)
  Path Type:              Hold (Min at Fast Process Corner)
  Data Path Delay:        0.696ns  (logic 0.316ns (45.339%)  route 0.381ns (54.661%))
  Logic Levels:           1  (IBUF=1)
  Clock Path Skew:        2.169ns (DCD - SCD - CPR)
    Destination Clock Delay (DCD):    2.169ns
    Source Clock Delay      (SCD):    0.000ns
    Clock Pessimism Removal (CPR):    -0.000ns
  Timing Exception:       False Path

    Location             Delay type                Incr(ns)  Path(ns)    Netlist Resource(s)
  -------------------------------------------------------------------    -------------------
    Y13                                               0.000     0.000 r  rst_pin (IN)
                         net (fo=0)                   0.000     0.000    rst_pin
    Y13                  IBUF (Prop_ibuf_I_O)         0.316     0.316 r  rst_pin_IBUF_inst/O
                         net (fo=86, routed)          0.381     0.696    u_selftest/SR[0]
    SLICE_X1Y9           FDRE                                         r  u_selftest/pidx_reg[7]/R
  -------------------------------------------------------------------    -------------------

                         (clock sys_clk rise edge)    0.000     0.000 r  
    U7                                                0.000     0.000 r  clk_pin (IN)
                         net (fo=0)                   0.000     0.000    clk_pin
    U7                   IBUF (Prop_ibuf_I_O)         0.529     0.529 r  clk_pin_IBUF_inst/O
                         net (fo=1, routed)           0.719     1.248    clk_pin_IBUF
    BUFGCTRL_X0Y0        BUFG (Prop_bufg_I_O)         0.029     1.277 r  u_bufg/O
                         net (fo=86, routed)          0.892     2.169    u_selftest/clk
    SLICE_X1Y9           FDRE                                         r  u_selftest/pidx_reg[7]/C

Slack:                    inf
  Source:                 rst_pin
                            (input port)
  Destination:            u_selftest/pidx_reg[8]/R
                            (rising edge-triggered cell FDRE clocked by sys_clk  {rise@0.000ns fall@5.000ns period=10.000ns})
  Path Group:             (none)
  Path Type:              Hold (Min at Fast Process Corner)
  Data Path Delay:        0.696ns  (logic 0.316ns (45.339%)  route 0.381ns (54.661%))
  Logic Levels:           1  (IBUF=1)
  Clock Path Skew:        2.169ns (DCD - SCD - CPR)
    Destination Clock Delay (DCD):    2.169ns
    Source Clock Delay      (SCD):    0.000ns
    Clock Pessimism Removal (CPR):    -0.000ns
  Timing Exception:       False Path

    Location             Delay type                Incr(ns)  Path(ns)    Netlist Resource(s)
  -------------------------------------------------------------------    -------------------
    Y13                                               0.000     0.000 r  rst_pin (IN)
                         net (fo=0)                   0.000     0.000    rst_pin
    Y13                  IBUF (Prop_ibuf_I_O)         0.316     0.316 r  rst_pin_IBUF_inst/O
                         net (fo=86, routed)          0.381     0.696    u_selftest/SR[0]
    SLICE_X1Y9           FDRE                                         r  u_selftest/pidx_reg[8]/R
  -------------------------------------------------------------------    -------------------

                         (clock sys_clk rise edge)    0.000     0.000 r  
    U7                                                0.000     0.000 r  clk_pin (IN)
                         net (fo=0)                   0.000     0.000    clk_pin
    U7                   IBUF (Prop_ibuf_I_O)         0.529     0.529 r  clk_pin_IBUF_inst/O
                         net (fo=1, routed)           0.719     1.248    clk_pin_IBUF
    BUFGCTRL_X0Y0        BUFG (Prop_bufg_I_O)         0.029     1.277 r  u_bufg/O
                         net (fo=86, routed)          0.892     2.169    u_selftest/clk
    SLICE_X1Y9           FDRE                                         r  u_selftest/pidx_reg[8]/C

Slack:                    inf
  Source:                 rst_pin
                            (input port)
  Destination:            u_selftest/pidx_reg[9]/R
                            (rising edge-triggered cell FDRE clocked by sys_clk  {rise@0.000ns fall@5.000ns period=10.000ns})
  Path Group:             (none)
  Path Type:              Hold (Min at Fast Process Corner)
  Data Path Delay:        0.696ns  (logic 0.316ns (45.339%)  route 0.381ns (54.661%))
  Logic Levels:           1  (IBUF=1)
  Clock Path Skew:        2.169ns (DCD - SCD - CPR)
    Destination Clock Delay (DCD):    2.169ns
    Source Clock Delay      (SCD):    0.000ns
    Clock Pessimism Removal (CPR):    -0.000ns
  Timing Exception:       False Path

    Location             Delay type                Incr(ns)  Path(ns)    Netlist Resource(s)
  -------------------------------------------------------------------    -------------------
    Y13                                               0.000     0.000 r  rst_pin (IN)
                         net (fo=0)                   0.000     0.000    rst_pin
    Y13                  IBUF (Prop_ibuf_I_O)         0.316     0.316 r  rst_pin_IBUF_inst/O
                         net (fo=86, routed)          0.381     0.696    u_selftest/SR[0]
    SLICE_X1Y9           FDRE                                         r  u_selftest/pidx_reg[9]/R
  -------------------------------------------------------------------    -------------------

                         (clock sys_clk rise edge)    0.000     0.000 r  
    U7                                                0.000     0.000 r  clk_pin (IN)
                         net (fo=0)                   0.000     0.000    clk_pin
    U7                   IBUF (Prop_ibuf_I_O)         0.529     0.529 r  clk_pin_IBUF_inst/O
                         net (fo=1, routed)           0.719     1.248    clk_pin_IBUF
    BUFGCTRL_X0Y0        BUFG (Prop_bufg_I_O)         0.029     1.277 r  u_bufg/O
                         net (fo=86, routed)          0.892     2.169    u_selftest/clk
    SLICE_X1Y9           FDRE                                         r  u_selftest/pidx_reg[9]/C

Slack:                    inf
  Source:                 rst_pin
                            (input port)
  Destination:            u_selftest/kidx_reg[0]/R
                            (rising edge-triggered cell FDRE clocked by sys_clk  {rise@0.000ns fall@5.000ns period=10.000ns})
  Path Group:             (none)
  Path Type:              Hold (Min at Fast Process Corner)
  Data Path Delay:        0.750ns  (logic 0.316ns (42.108%)  route 0.434ns (57.892%))
  Logic Levels:           1  (IBUF=1)
  Clock Path Skew:        2.168ns (DCD - SCD - CPR)
    Destination Clock Delay (DCD):    2.168ns
    Source Clock Delay      (SCD):    0.000ns
    Clock Pessimism Removal (CPR):    -0.000ns
  Timing Exception:       False Path

    Location             Delay type                Incr(ns)  Path(ns)    Netlist Resource(s)
  -------------------------------------------------------------------    -------------------
    Y13                                               0.000     0.000 r  rst_pin (IN)
                         net (fo=0)                   0.000     0.000    rst_pin
    Y13                  IBUF (Prop_ibuf_I_O)         0.316     0.316 r  rst_pin_IBUF_inst/O
                         net (fo=86, routed)          0.434     0.750    u_selftest/SR[0]
    SLICE_X1Y10          FDRE                                         r  u_selftest/kidx_reg[0]/R
  -------------------------------------------------------------------    -------------------

                         (clock sys_clk rise edge)    0.000     0.000 r  
    U7                                                0.000     0.000 r  clk_pin (IN)
                         net (fo=0)                   0.000     0.000    clk_pin
    U7                   IBUF (Prop_ibuf_I_O)         0.529     0.529 r  clk_pin_IBUF_inst/O
                         net (fo=1, routed)           0.719     1.248    clk_pin_IBUF
    BUFGCTRL_X0Y0        BUFG (Prop_bufg_I_O)         0.029     1.277 r  u_bufg/O
                         net (fo=86, routed)          0.891     2.168    u_selftest/clk
    SLICE_X1Y10          FDRE                                         r  u_selftest/kidx_reg[0]/C

Slack:                    inf
  Source:                 rst_pin
                            (input port)
  Destination:            u_selftest/kidx_reg[1]/R
                            (rising edge-triggered cell FDRE clocked by sys_clk  {rise@0.000ns fall@5.000ns period=10.000ns})
  Path Group:             (none)
  Path Type:              Hold (Min at Fast Process Corner)
  Data Path Delay:        0.750ns  (logic 0.316ns (42.108%)  route 0.434ns (57.892%))
  Logic Levels:           1  (IBUF=1)
  Clock Path Skew:        2.168ns (DCD - SCD - CPR)
    Destination Clock Delay (DCD):    2.168ns
    Source Clock Delay      (SCD):    0.000ns
    Clock Pessimism Removal (CPR):    -0.000ns
  Timing Exception:       False Path

    Location             Delay type                Incr(ns)  Path(ns)    Netlist Resource(s)
  -------------------------------------------------------------------    -------------------
    Y13                                               0.000     0.000 r  rst_pin (IN)
                         net (fo=0)                   0.000     0.000    rst_pin
    Y13                  IBUF (Prop_ibuf_I_O)         0.316     0.316 r  rst_pin_IBUF_inst/O
                         net (fo=86, routed)          0.434     0.750    u_selftest/SR[0]
    SLICE_X1Y10          FDRE                                         r  u_selftest/kidx_reg[1]/R
  -------------------------------------------------------------------    -------------------

                         (clock sys_clk rise edge)    0.000     0.000 r  
    U7                                                0.000     0.000 r  clk_pin (IN)
                         net (fo=0)                   0.000     0.000    clk_pin
    U7                   IBUF (Prop_ibuf_I_O)         0.529     0.529 r  clk_pin_IBUF_inst/O
                         net (fo=1, routed)           0.719     1.248    clk_pin_IBUF
    BUFGCTRL_X0Y0        BUFG (Prop_bufg_I_O)         0.029     1.277 r  u_bufg/O
                         net (fo=86, routed)          0.891     2.168    u_selftest/clk
    SLICE_X1Y10          FDRE                                         r  u_selftest/kidx_reg[1]/C

Slack:                    inf
  Source:                 rst_pin
                            (input port)
  Destination:            u_selftest/kidx_reg[2]/R
                            (rising edge-triggered cell FDRE clocked by sys_clk  {rise@0.000ns fall@5.000ns period=10.000ns})
  Path Group:             (none)
  Path Type:              Hold (Min at Fast Process Corner)
  Data Path Delay:        0.750ns  (logic 0.316ns (42.108%)  route 0.434ns (57.892%))
  Logic Levels:           1  (IBUF=1)
  Clock Path Skew:        2.168ns (DCD - SCD - CPR)
    Destination Clock Delay (DCD):    2.168ns
    Source Clock Delay      (SCD):    0.000ns
    Clock Pessimism Removal (CPR):    -0.000ns
  Timing Exception:       False Path

    Location             Delay type                Incr(ns)  Path(ns)    Netlist Resource(s)
  -------------------------------------------------------------------    -------------------
    Y13                                               0.000     0.000 r  rst_pin (IN)
                         net (fo=0)                   0.000     0.000    rst_pin
    Y13                  IBUF (Prop_ibuf_I_O)         0.316     0.316 r  rst_pin_IBUF_inst/O
                         net (fo=86, routed)          0.434     0.750    u_selftest/SR[0]
    SLICE_X1Y10          FDRE                                         r  u_selftest/kidx_reg[2]/R
  -------------------------------------------------------------------    -------------------

                         (clock sys_clk rise edge)    0.000     0.000 r  
    U7                                                0.000     0.000 r  clk_pin (IN)
                         net (fo=0)                   0.000     0.000    clk_pin
    U7                   IBUF (Prop_ibuf_I_O)         0.529     0.529 r  clk_pin_IBUF_inst/O
                         net (fo=1, routed)           0.719     1.248    clk_pin_IBUF
    BUFGCTRL_X0Y0        BUFG (Prop_bufg_I_O)         0.029     1.277 r  u_bufg/O
                         net (fo=86, routed)          0.891     2.168    u_selftest/clk
    SLICE_X1Y10          FDRE                                         r  u_selftest/kidx_reg[2]/C

Slack:                    inf
  Source:                 rst_pin
                            (input port)
  Destination:            u_selftest/kidx_reg[3]/R
                            (rising edge-triggered cell FDRE clocked by sys_clk  {rise@0.000ns fall@5.000ns period=10.000ns})
  Path Group:             (none)
  Path Type:              Hold (Min at Fast Process Corner)
  Data Path Delay:        0.750ns  (logic 0.316ns (42.108%)  route 0.434ns (57.892%))
  Logic Levels:           1  (IBUF=1)
  Clock Path Skew:        2.168ns (DCD - SCD - CPR)
    Destination Clock Delay (DCD):    2.168ns
    Source Clock Delay      (SCD):    0.000ns
    Clock Pessimism Removal (CPR):    -0.000ns
  Timing Exception:       False Path

    Location             Delay type                Incr(ns)  Path(ns)    Netlist Resource(s)
  -------------------------------------------------------------------    -------------------
    Y13                                               0.000     0.000 r  rst_pin (IN)
                         net (fo=0)                   0.000     0.000    rst_pin
    Y13                  IBUF (Prop_ibuf_I_O)         0.316     0.316 r  rst_pin_IBUF_inst/O
                         net (fo=86, routed)          0.434     0.750    u_selftest/SR[0]
    SLICE_X1Y10          FDRE                                         r  u_selftest/kidx_reg[3]/R
  -------------------------------------------------------------------    -------------------

                         (clock sys_clk rise edge)    0.000     0.000 r  
    U7                                                0.000     0.000 r  clk_pin (IN)
                         net (fo=0)                   0.000     0.000    clk_pin
    U7                   IBUF (Prop_ibuf_I_O)         0.529     0.529 r  clk_pin_IBUF_inst/O
                         net (fo=1, routed)           0.719     1.248    clk_pin_IBUF
    BUFGCTRL_X0Y0        BUFG (Prop_bufg_I_O)         0.029     1.277 r  u_bufg/O
                         net (fo=86, routed)          0.891     2.168    u_selftest/clk
    SLICE_X1Y10          FDRE                                         r  u_selftest/kidx_reg[3]/C





